"origin","model","h","forecast","actual","error"
72,"Naive RW",1,55.3515791642038,62.2278942308928,6.87631506668896
72,"Naive RW",6,55.3515791642038,74.1571433657692,18.8055642015653
72,"Naive RW",12,55.3515791642038,85.5269996643066,30.1754205001028
72,"Naive RW (bias-c)",1,55.6772890343615,62.2278942308928,6.55060519653129
72,"Naive RW (bias-c)",6,57.3348139657515,74.1571433657692,16.8223294000176
72,"Naive RW (bias-c)",12,59.3891076302524,85.5269996643066,26.1378920340543
72,"RW + drift",1,55.4347479470179,62.2278942308928,6.79314628387488
72,"RW + drift",6,55.8524701055271,74.1571433657692,18.304673260242
72,"RW + drift",12,56.3578937402059,85.5269996643066,29.1691059241007
72,"AR(1)",1,57.7611915654845,62.2278942308928,4.46670266540828
72,"AR(1)",6,59.5221245024082,74.1571433657692,14.635018863361
72,"AR(1)",12,60.0707348565659,85.5269996643066,25.4562648077408
72,"MA(1)",1,56.8773313437031,62.2278942308928,5.35056288718965
72,"MA(1)",6,57.9589196749781,74.1571433657692,16.198223690791
72,"MA(1)",12,59.2200600814867,85.5269996643066,26.3069395828199
72,"MA(2)",1,57.9031097585877,62.2278942308928,4.3247844723051
72,"MA(2)",6,59.9689532690346,74.1571433657692,14.1881900967346
72,"MA(2)",12,62.0141781983452,85.5269996643066,23.5128214659614
72,"ARMA(1,1)",1,57.2845383150149,62.2278942308928,4.94335591587792
72,"ARMA(1,1)",6,58.8129405365395,74.1571433657692,15.3442028292297
72,"ARMA(1,1)",12,60.3381351277298,85.5269996643066,25.1888645365769
72,"Auto-ARIMA",1,58.3114852037641,62.2278942308928,3.91640902712872
72,"Auto-ARIMA",6,57.4279584939661,74.1571433657692,16.729184871803
72,"Auto-ARIMA",12,53.3089068207071,85.5269996643066,32.2180928435995
73,"Naive RW",1,62.2278942308928,65.7021738135296,3.47427958263687
73,"Naive RW",6,62.2278942308928,70.513636155562,8.2857419246692
73,"Naive RW",12,62.2278942308928,94.0336845799496,31.8057903490569
73,"Naive RW (bias-c)",1,62.5949148709868,65.7021738135296,3.10725894254286
73,"Naive RW (bias-c)",6,64.4627449129697,70.513636155562,6.05089124259226
73,"Naive RW (bias-c)",12,66.7778579537993,94.0336845799496,27.2558266261504
73,"RW + drift",1,62.4201602220192,65.7021738135296,3.28201359151044
73,"RW + drift",6,63.3904376564715,70.513636155562,7.12319849909045
73,"RW + drift",12,64.5746997539267,94.0336845799496,29.458984826023
73,"AR(1)",1,65.5409723168682,65.7021738135296,0.161201496661477
73,"AR(1)",6,68.4499943325489,70.513636155562,2.06364182301304
73,"AR(1)",12,69.7447612091485,94.0336845799496,24.2889233708012
73,"MA(1)",1,65.4325119450802,65.7021738135296,0.269661868449404
73,"MA(1)",6,67.2903973743654,70.513636155562,3.22323878119659
73,"MA(1)",12,69.5146656111842,94.0336845799496,24.5190189687655
73,"MA(2)",1,66.0797330104502,65.7021738135296,-0.377559196920529
73,"MA(2)",6,69.804746881296,70.513636155562,0.708889274265928
73,"MA(2)",12,73.0214957284033,94.0336845799496,21.0121888515464
73,"ARMA(1,1)",1,65.8016540982093,65.7021738135296,-0.0994802846796148
73,"ARMA(1,1)",6,68.5096006227834,70.513636155562,2.00403553277859
73,"ARMA(1,1)",12,71.1138552046455,94.0336845799496,22.9198293753041
73,"Auto-ARIMA",1,71.4654721683263,65.7021738135296,-5.76329835479669
73,"Auto-ARIMA",6,58.5771784244312,70.513636155562,11.9364577311307
73,"Auto-ARIMA",12,52.4767395080256,94.0336845799496,41.556945071924
74,"Naive RW",1,65.7021738135296,65.3285715012323,-0.373602312297294
74,"Naive RW",6,65.7021738135296,75.0028559366862,9.30068212315658
74,"Naive RW",12,65.7021738135296,112.463044208029,46.7608703944994
74,"Naive RW (bias-c)",1,66.0857518836266,65.3285715012323,-0.757180382394239
74,"Naive RW (bias-c)",6,68.037495558109,75.0028559366862,6.9653603785772
74,"Naive RW (bias-c)",12,70.4558241095283,112.463044208029,42.0072200985007
74,"RW + drift",1,65.9508283005359,65.3285715012323,-0.622256799303528
74,"RW + drift",6,67.2082879227808,75.0028559366862,7.79456801390545
74,"RW + drift",12,68.7489272170968,112.463044208029,43.7141169909322
74,"AR(1)",1,67.5942322839627,65.3285715012323,-2.26566078273032
74,"AR(1)",6,69.8112350776063,75.0028559366862,5.19162085907993
74,"AR(1)",12,71.4196721093438,112.463044208029,41.0433720986852
74,"MA(1)",1,66.6463305343542,65.3285715012323,-1.31775903312183
74,"MA(1)",6,68.5989671862167,75.0028559366862,6.40388875046951
74,"MA(1)",12,70.9420796627732,112.463044208029,41.5209645452559
74,"MA(2)",1,67.5274668753497,65.3285715012323,-2.19889537411734
74,"MA(2)",6,70.2134456035038,75.0028559366862,4.78941033318239
74,"MA(2)",12,73.4399342848471,112.463044208029,39.023109923182
74,"ARMA(1,1)",1,67.00885985454,65.3285715012323,-1.68028835330767
74,"ARMA(1,1)",6,69.3379000503104,75.0028559366862,5.66495588637581
74,"ARMA(1,1)",12,72.0072922539329,112.463044208029,40.4557519540962
74,"Auto-ARIMA",1,65.2354182920068,65.3285715012323,0.0931532092254912
74,"Auto-ARIMA",6,56.7231844123626,75.0028559366862,18.2796715243236
74,"Auto-ARIMA",12,52.9604488770649,112.463044208029,59.5025953309641
75,"Naive RW",1,65.3285715012323,68.2584999084473,2.92992840721492
75,"Naive RW",6,65.3285715012323,83.7461903889974,18.417618887765
75,"Naive RW",12,65.3285715012323,105.916999816895,40.5884283156622
75,"Naive RW (bias-c)",1,65.704882765432,68.2584999084473,2.55361714301527
75,"Naive RW (bias-c)",6,67.6192048030189,83.7461903889974,16.1269855859784
75,"Naive RW (bias-c)",12,69.9901551973529,105.916999816895,35.9268446195416
75,"RW + drift",1,65.5675238438223,68.2584999084473,2.69097606462493
75,"RW + drift",6,66.7754599114197,83.7461903889974,16.9707304775777
75,"RW + drift",12,68.2543938114046,105.916999816895,37.6626060054899
75,"AR(1)",1,65.6451397928053,68.2584999084473,2.61336011564195
75,"AR(1)",6,66.7582303465414,83.7461903889974,16.987960042456
75,"AR(1)",12,68.2353683715889,105.916999816895,37.6816314453056
75,"MA(1)",1,65.5766217812728,68.2584999084473,2.68187812717447
75,"MA(1)",6,67.4025888620193,83.7461903889974,16.3436015269781
75,"MA(1)",12,69.5875921412083,105.916999816895,36.3294076756863
75,"MA(2)",1,65.0652303377502,68.2584999084473,3.19326957069707
75,"MA(2)",6,67.0568822701014,83.7461903889974,16.689308118896
75,"MA(2)",12,69.8567068041159,105.916999816895,36.0602930127787
75,"ARMA(1,1)",1,65.4875513410866,68.2584999084473,2.77094856736062
75,"ARMA(1,1)",6,67.4135915932795,83.7461903889974,16.3325987957179
75,"ARMA(1,1)",12,69.828636724302,105.916999816895,36.0883630925925
75,"Auto-ARIMA",1,60.7066194958554,68.2584999084473,7.55188041259186
75,"Auto-ARIMA",6,56.8300405309346,83.7461903889974,26.9161498580628
75,"Auto-ARIMA",12,53.4562335542705,105.916999816895,52.4607662626241
76,"Naive RW",1,68.2584999084473,73.408181623979,5.14968171553178
76,"Naive RW",6,68.2584999084473,80.7842854091099,12.5257855006627
76,"Naive RW",12,68.2584999084473,111.4971429734,43.238643064953
76,"Naive RW (bias-c)",1,68.647369474575,73.408181623979,4.76081214940406
76,"Naive RW (bias-c)",6,70.625201733913,80.7842854091099,10.1590836751969
76,"Naive RW (bias-c)",12,73.0739633400387,111.4971429734,38.4231796333616
76,"RW + drift",1,68.5444352047323,73.408181623979,4.86374641924678
76,"RW + drift",6,69.9921791245278,80.7842854091099,10.7921062845821
76,"RW + drift",12,71.7698915910944,111.4971429734,39.7272513823059
76,"AR(1)",1,69.9428596678035,73.408181623979,3.4653219561755
76,"AR(1)",6,72.1783456376344,80.7842854091099,8.60593977147551
76,"AR(1)",12,74.0179863077728,111.4971429734,37.4791566656275
76,"MA(1)",1,70.3264609667159,73.408181623979,3.08172065726312
76,"MA(1)",6,72.5865580251662,80.7842854091099,8.19772738394374
76,"MA(1)",12,75.3161136958453,111.4971429734,36.181029277555
76,"MA(2)",1,70.7542570305889,73.408181623979,2.65392459339017
76,"MA(2)",6,74.5045919291638,80.7842854091099,6.27969347994612
76,"MA(2)",12,78.1433241282794,111.4971429734,33.3538188451209
76,"ARMA(1,1)",1,70.4811587487968,73.408181623979,2.92702287518227
76,"ARMA(1,1)",6,73.2608861122456,80.7842854091099,7.52339929686428
76,"ARMA(1,1)",12,76.3089438485161,111.4971429734,35.1881991248842
76,"Auto-ARIMA",1,68.1359605917437,73.408181623979,5.27222103223539
76,"Auto-ARIMA",6,57.0707905997215,80.7842854091099,23.7134948093884
76,"Auto-ARIMA",12,54.8574842629562,111.4971429734,56.6396587104441
77,"Naive RW",1,73.4081816239791,74.1571433657692,0.748961741790097
77,"Naive RW",6,73.4081816239791,74.743181402033,1.33499977805397
77,"Naive RW",12,73.4081816239791,117.663810003371,44.2556283793924
77,"Naive RW (bias-c)",1,73.8234784023724,74.1571433657692,0.333664963396743
77,"Naive RW (bias-c)",6,75.9354715361352,74.743181402033,-1.19229013410221
77,"Naive RW (bias-c)",12,78.5497707456038,117.663810003371,39.1140392577677
77,"RW + drift",1,73.7813473401266,74.1571433657692,0.3757960256426
77,"RW + drift",6,75.6758239741456,74.743181402033,-0.932642572112613
77,"RW + drift",12,78.0135157617797,117.663810003371,39.6502942415918
77,"AR(1)",1,76.1121543534653,74.1571433657692,-1.95501098769611
77,"AR(1)",6,79.4476280655471,74.743181402033,-4.70444666351405
77,"AR(1)",12,81.9142004561521,117.663810003371,35.7496095472194
77,"MA(1)",1,75.7877894548622,74.1571433657692,-1.63064608909308
77,"MA(1)",6,78.5718955549083,74.743181402033,-3.82871415287531
77,"MA(1)",12,81.9626523291323,117.663810003371,35.7011576742392
77,"MA(2)",1,76.9256678866042,74.1571433657692,-2.76852452083503
77,"MA(2)",6,81.2373367692997,74.743181402033,-6.49415536726663
77,"MA(2)",12,85.7129505706638,117.663810003371,31.9508594327077
77,"ARMA(1,1)",1,76.1747977520768,74.1571433657692,-2.01765438630761
77,"ARMA(1,1)",6,79.6162521190671,74.743181402033,-4.87307071703405
77,"ARMA(1,1)",12,83.39937823542,117.663810003371,34.2644317679514
77,"Auto-ARIMA",1,73.3473803138285,74.1571433657692,0.809763051940635
77,"Auto-ARIMA",6,58.1272014987111,74.743181402033,16.615979903322
77,"Auto-ARIMA",12,55.292041959744,117.663810003371,62.3717680436275
78,"Naive RW",1,74.1571433657692,70.513636155562,-3.64350721020719
78,"Naive RW",6,74.1571433657692,85.5269996643066,11.3698562985375
78,"Naive RW",12,74.1571433657692,104.704999542236,30.5478561764672
78,"Naive RW (bias-c)",1,74.5713329188956,70.513636155562,-4.05769676333361
78,"Naive RW (bias-c)",6,76.6772407518663,85.5269996643066,8.84975891244035
78,"Naive RW (bias-c)",12,79.2829791234055,104.704999542236,25.4220204188308
78,"RW + drift",1,74.5389712387191,70.513636155562,-4.02533508315717
78,"RW + drift",6,76.4778037563307,85.5269996643066,9.04919590797599
78,"RW + drift",12,78.8710864783884,104.704999542236,25.8339130638479
78,"AR(1)",1,75.0347086418826,70.513636155562,-4.52107248632062
78,"AR(1)",6,77.1466627591856,85.5269996643066,8.38033690512101
78,"AR(1)",12,79.5617789655868,104.704999542236,25.1432205766495
78,"MA(1)",1,74.4687192560082,70.513636155562,-3.95508310044627
78,"MA(1)",6,77.0830522700371,85.5269996643066,8.4439473942695
78,"MA(1)",12,80.2592069691604,104.704999542236,24.4457925730759
78,"MA(2)",1,74.4174522571827,70.513636155562,-3.90381610162075
78,"MA(2)",6,77.1772034951633,85.5269996643066,8.34979616914332
78,"MA(2)",12,81.0594889345616,104.704999542236,23.6455106076747
78,"ARMA(1,1)",1,74.5491289256469,70.513636155562,-4.0354927700849
78,"ARMA(1,1)",6,77.3069583296724,85.5269996643066,8.22004133463425
78,"ARMA(1,1)",12,80.7589541381895,104.704999542236,23.9460454040468
78,"Auto-ARIMA",1,70.2500888204525,70.513636155562,0.263547335109479
78,"Auto-ARIMA",6,57.4448619476024,85.5269996643066,28.0821377167042
78,"Auto-ARIMA",12,55.2594643257091,104.704999542236,49.4455352165272
79,"Naive RW",1,70.513636155562,75.0028559366862,4.48921978112422
79,"Naive RW",6,70.513636155562,94.0336845799496,23.5200484243877
79,"Naive RW",12,70.513636155562,97.7408689415973,27.2272327860353
79,"Naive RW (bias-c)",1,70.9036156285645,75.0028559366862,4.09924030812171
79,"Naive RW (bias-c)",6,72.8861045896363,94.0336845799496,21.1475799903133
79,"Naive RW (bias-c)",12,75.3383959739591,97.7408689415973,22.4024729676382
79,"RW + drift",1,70.8269139981436,75.0028559366862,4.17594193854262
79,"RW + drift",6,72.4143047489266,94.0336845799496,21.619379831023
79,"RW + drift",12,74.3662051507577,97.7408689415973,23.3746637908396
79,"AR(1)",1,69.6571679706891,75.0028559366862,5.34568796599713
79,"AR(1)",6,70.3286501711688,94.0336845799496,23.7050344087808
79,"AR(1)",12,72.2157495209626,97.7408689415973,25.5251194206347
79,"MA(1)",1,69.7632304873601,75.0028559366862,5.23962544932607
79,"MA(1)",6,71.8926673230108,94.0336845799496,22.1410172569388
79,"MA(1)",12,74.4578289508477,97.7408689415973,23.2830399907496
79,"MA(2)",1,69.0068390968897,75.0028559366862,5.99601683979651
79,"MA(2)",6,70.9488939445863,94.0336845799496,23.0847906353633
79,"MA(2)",12,74.0582610361532,97.7408689415973,23.6826079054441
79,"ARMA(1,1)",1,69.5306236755266,75.0028559366862,5.47223226115956
79,"ARMA(1,1)",6,71.5227967859279,94.0336845799496,22.5108877940217
79,"ARMA(1,1)",12,74.2748559848813,97.7408689415973,23.466012956716
79,"Auto-ARIMA",1,65.9869678961161,75.0028559366862,9.01588804057009
79,"Auto-ARIMA",6,56.8029811097976,94.0336845799496,37.2307034701521
79,"Auto-ARIMA",12,55.1984891231418,97.7408689415973,42.5423798184556
80,"Naive RW",1,75.0028559366862,83.7461903889974,8.7433344523112
80,"Naive RW",6,75.0028559366862,112.463044208029,37.4601882713429
80,"Naive RW",12,75.0028559366862,90.3247611636207,15.3219052269345
80,"Naive RW (bias-c)",1,75.4142595406248,83.7461903889974,8.33193084837256
80,"Naive RW (bias-c)",6,77.5053754360679,112.463044208029,34.9576687719612
80,"Naive RW (bias-c)",12,80.0913931405055,90.3247611636207,10.2333680231152
80,"RW + drift",1,75.3900451354029,83.7461903889974,8.35614525359449
80,"RW + drift",6,77.3561802519048,112.463044208029,35.1068639561243
80,"RW + drift",12,79.7833435598315,90.3247611636207,10.5414176037893
80,"AR(1)",1,77.3993099126061,83.7461903889974,6.34688047639125
80,"AR(1)",6,80.5512646175081,112.463044208029,31.911779590521
80,"AR(1)",12,83.0879384575532,90.3247611636207,7.23682270606757
80,"MA(1)",1,78.3982240029214,83.7461903889974,5.34796638607598
80,"MA(1)",6,81.3355880776148,112.463044208029,31.1274561304143
80,"MA(1)",12,84.920466928423,90.3247611636207,5.40429423519771
80,"MA(2)",1,78.9840335630679,83.7461903889974,4.76215682592948
80,"MA(2)",6,84.0512312722847,112.463044208029,28.4118129357444
80,"MA(2)",12,88.6614832722236,90.3247611636207,1.66327789139712
80,"ARMA(1,1)",1,78.558813172671,83.7461903889974,5.18737721632644
80,"ARMA(1,1)",6,82.2120711071561,112.463044208029,30.250973100873
80,"ARMA(1,1)",12,86.1385673861291,90.3247611636207,4.18619377749162
80,"Auto-ARIMA",1,75.7351512866856,83.7461903889974,8.01103910231177
80,"Auto-ARIMA",6,57.7961227293113,112.463044208029,54.6669214787177
80,"Auto-ARIMA",12,53.1561916248247,90.3247611636207,37.168569538796
81,"Naive RW",1,83.7461903889974,80.7842854091099,-2.96190497988748
81,"Naive RW",6,83.7461903889974,105.916999816895,22.1708094278971
81,"Naive RW",12,83.7461903889974,93.5938095819382,9.84761919294084
81,"Naive RW (bias-c)",1,84.2061857370936,80.7842854091099,-3.42190032798365
81,"Naive RW (bias-c)",6,86.5443406505495,105.916999816895,19.3726591663451
81,"Naive RW (bias-c)",12,89.4359834620296,93.5938095819382,4.15782611990862
81,"RW + drift",1,84.2878267143734,80.7842854091099,-3.50354130526347
81,"RW + drift",6,87.0490099298805,105.916999816895,18.8679898870141
81,"RW + drift",12,90.4820875382525,93.5938095819382,3.11172204368576
81,"AR(1)",1,88.1352171423439,80.7842854091099,-7.35093173323394
81,"AR(1)",6,93.3938511659555,105.916999816895,12.523148650939
81,"AR(1)",12,97.097905665309,93.5938095819382,-3.50409608337075
81,"MA(1)",1,87.4248069676734,80.7842854091099,-6.64052155856344
81,"MA(1)",6,91.2810895908302,105.916999816895,14.6359102260643
81,"MA(1)",12,96.0350178840539,93.5938095819382,-2.44120830211567
81,"MA(2)",1,89.4749204254122,80.7842854091099,-8.69063501630224
81,"MA(2)",6,95.5261236534371,105.916999816895,10.3908761634574
81,"MA(2)",12,101.666084359276,93.5938095819382,-8.07227477733785
81,"ARMA(1,1)",1,88.1142421057506,80.7842854091099,-7.32995669664072
81,"ARMA(1,1)",6,92.9106493659942,105.916999816895,13.0063504509003
81,"ARMA(1,1)",12,98.1521870962495,93.5938095819382,-4.55837751431127
81,"Auto-ARIMA",1,83.7519788792439,80.7842854091099,-2.96769347013398
81,"Auto-ARIMA",6,60.2140982433343,105.916999816895,45.7029015735602
81,"Auto-ARIMA",12,52.7638907432602,93.5938095819382,40.829918838678
82,"Naive RW",1,80.7842854091099,74.743181402033,-6.0411040070769
82,"Naive RW",6,80.7842854091099,111.4971429734,30.7128575642904
82,"Naive RW",12,80.7842854091099,91.1142857869466,10.3300003778367
82,"Naive RW (bias-c)",1,81.2232280097952,74.743181402033,-6.48004660776212
82,"Naive RW (bias-c)",6,83.4539762664411,111.4971429734,28.0431667069592
82,"Naive RW (bias-c)",12,86.2118928131824,91.1142857869466,4.90239297376421
82,"RW + drift",1,81.2646801591928,74.743181402033,-6.52149875715975
82,"RW + drift",6,83.7098461791776,111.4971429734,27.7872967942227
82,"RW + drift",12,86.7413546069613,91.1142857869466,4.37293117998527
82,"AR(1)",1,80.3479891303308,74.743181402033,-5.60480772829776
82,"AR(1)",6,82.0319053666319,111.4971429734,29.4652376067684
82,"AR(1)",12,84.9961207413072,91.1142857869466,6.11816504563944
82,"MA(1)",1,79.1883569345,74.743181402033,-4.44517553246699
82,"MA(1)",6,82.1445734927472,111.4971429734,29.3525694806531
82,"MA(1)",12,85.7511538730404,91.1142857869466,5.36313191390617
82,"MA(2)",1,78.5892170103766,74.743181402033,-3.84603560834358
82,"MA(2)",6,80.6830467247006,111.4971429734,30.8140962486997
82,"MA(2)",12,84.7232022871185,91.1142857869466,6.39108349982813
82,"ARMA(1,1)",1,79.0945044765212,74.743181402033,-4.35132307448814
82,"ARMA(1,1)",6,81.8189639641994,111.4971429734,29.6781790092009
82,"ARMA(1,1)",12,85.5947046575368,91.1142857869466,5.51958112940977
82,"Auto-ARIMA",1,72.1881682874496,74.743181402033,2.55501311458345
82,"Auto-ARIMA",6,56.9005975577842,111.4971429734,54.5965454156161
82,"Auto-ARIMA",12,52.4658809049722,91.1142857869466,38.6484048819744
83,"Naive RW",1,74.743181402033,85.5269996643066,10.7838182622736
83,"Naive RW",6,74.743181402033,117.663810003371,42.9206286013384
83,"Naive RW",12,74.743181402033,81.3414284842355,6.59824708220248
83,"Naive RW (bias-c)",1,75.1471281905892,85.5269996643066,10.3798714737174
83,"Naive RW (bias-c)",6,77.1998457978213,117.663810003371,40.4639642055502
83,"Naive RW (bias-c)",12,79.7372560200559,81.3414284842355,1.60417246417957
83,"RW + drift",1,75.1119104437736,85.5269996643066,10.4150892205331
83,"RW + drift",6,76.9830214489645,117.663810003371,40.680788554407
83,"RW + drift",12,79.2899831161124,81.3414284842355,2.05144536812314
83,"AR(1)",1,73.1181769300846,85.5269996643066,12.408822734222
83,"AR(1)",6,73.573127411161,117.663810003371,44.0906825922105
83,"AR(1)",12,75.7662465319082,81.3414284842355,5.57518195232734
83,"MA(1)",1,73.8556611886324,85.5269996643066,11.6713384756743
83,"MA(1)",6,76.2753091739201,117.663810003371,41.3885008294514
83,"MA(1)",12,79.2028303968958,81.3414284842355,2.13859808733964
83,"MA(2)",1,72.5837772195742,85.5269996643066,12.9432224447324
83,"MA(2)",6,74.8166923571131,117.663810003371,42.8471176462584
83,"MA(2)",12,78.1744903637022,81.3414284842355,3.16693812053325
83,"ARMA(1,1)",1,73.455474441411,85.5269996643066,12.0715252228956
83,"ARMA(1,1)",6,75.688873308587,117.663810003371,41.9749366947845
83,"ARMA(1,1)",12,78.7490620884994,81.3414284842355,2.59236639573612
83,"Auto-ARIMA",1,69.9032785373584,85.5269996643066,15.6237211269483
83,"Auto-ARIMA",6,59.6387925785783,117.663810003371,58.0250174247931
83,"Auto-ARIMA",12,55.0679437875832,81.3414284842355,26.2734846966523
84,"Naive RW",1,85.5269996643066,94.0336845799496,8.50668491564302
84,"Naive RW",6,85.5269996643066,104.704999542236,19.1779998779297
84,"Naive RW",12,85.5269996643066,83.8790000915527,-1.64799957275387
84,"Naive RW (bias-c)",1,85.9930068415122,94.0336845799496,8.04067773843747
84,"Naive RW (bias-c)",6,88.361407245914,104.704999542236,16.3435922963223
84,"Naive RW (bias-c)",12,91.2897485136113,83.8790000915527,-7.41074842205856
84,"RW + drift",1,86.0818968086725,94.0336845799496,7.95178777127713
84,"RW + drift",6,88.9108543571483,104.704999542236,15.794145185088
84,"RW + drift",12,92.4285904281187,83.8790000915527,-8.54959033656598
84,"AR(1)",1,90.5964463603971,94.0336845799496,3.43723821955251
84,"AR(1)",6,96.1260474255207,104.704999542236,8.57895211671564
84,"AR(1)",12,99.9456216747301,83.8790000915527,-16.0666215831774
84,"MA(1)",1,92.4798952810115,94.0336845799496,1.55378929893818
84,"MA(1)",6,96.7342862972602,104.704999542236,7.97071324497608
84,"MA(1)",12,101.993189687296,83.8790000915527,-18.1141895957437
84,"MA(2)",1,94.0219280922747,94.0336845799496,0.0117564876749583
84,"MA(2)",6,101.391333712855,104.704999542236,3.31366582938176
84,"MA(2)",12,107.844958597303,83.8790000915527,-23.9659585057505
84,"ARMA(1,1)",1,92.904475673107,94.0336845799496,1.12920890684268
84,"ARMA(1,1)",6,98.1643668897792,104.704999542236,6.54063265245708
84,"ARMA(1,1)",12,103.790395644171,83.8790000915527,-19.9113955526182
84,"Auto-ARIMA",1,89.0453705049818,94.0336845799496,4.98831407496779
84,"Auto-ARIMA",6,68.5447708230457,104.704999542236,36.1602287191906
84,"Auto-ARIMA",12,58.6857726138703,83.8790000915527,25.1932274776824
85,"Naive RW",1,94.0336845799496,112.463044208029,18.4293596280794
85,"Naive RW",6,94.0336845799496,97.7408689415973,3.70718436164768
85,"Naive RW",12,94.0336845799496,83.5094732987253,-10.5242112812243
85,"Naive RW (bias-c)",1,94.5449980178333,112.463044208029,17.9180461901958
85,"Naive RW (bias-c)",6,97.143573236037,97.7408689415973,0.597295705560299
85,"Naive RW (bias-c)",12,100.356312349346,83.5094732987253,-16.8468390506205
85,"RW + drift",1,94.7422022722583,112.463044208029,17.7208419357707
85,"RW + drift",6,98.365677033505,97.7408689415973,-0.624808091907681
85,"RW + drift",12,102.897237957673,83.5094732987253,-19.3877646589473
85,"AR(1)",1,98.3188032935953,112.463044208029,14.1442409144337
85,"AR(1)",6,104.119078316433,97.7408689415973,-6.37820937483563
85,"AR(1)",12,108.930458777471,83.5094732987253,-25.4209854787458
85,"MA(1)",1,96.1920998772879,112.463044208029,16.2709443307412
85,"MA(1)",6,100.804817573271,97.7408689415973,-3.06394863167375
85,"MA(1)",12,106.522646772494,83.5094732987253,-23.0131734737685
85,"MA(2)",1,97.8861367195598,112.463044208029,14.5769074884692
85,"MA(2)",6,103.3139449395,97.7408689415973,-5.57307599790229
85,"MA(2)",12,109.963142359762,83.5094732987253,-26.4536690610364
85,"ARMA(1,1)",1,96.7782176522922,112.463044208029,15.6848265557369
85,"ARMA(1,1)",6,101.816257696744,97.7408689415973,-4.07538875514659
85,"ARMA(1,1)",12,107.861921670949,83.5094732987253,-24.352448372224
85,"Auto-ARIMA",1,95.5187871458152,112.463044208029,16.9442570622139
85,"Auto-ARIMA",6,88.5253655299783,97.7408689415973,9.21550341161898
85,"Auto-ARIMA",12,81.1436064704755,83.5094732987253,2.36586682824985
86,"Naive RW",1,112.463044208029,105.916999816895,-6.54604439113447
86,"Naive RW",6,112.463044208029,90.3247611636207,-22.1382830444083
86,"Naive RW",12,112.463044208029,79.2069562829059,-33.2560879251231
86,"Naive RW (bias-c)",1,113.088496538919,105.916999816895,-7.1714967220248
86,"Naive RW (bias-c)",6,116.268322594256,90.3247611636207,-25.9435614306348
86,"Naive RW (bias-c)",12,120.202355663397,79.2069562829059,-40.9953993804914
86,"RW + drift",1,113.536563486965,105.916999816895,-7.61956367007069
86,"RW + drift",6,119.05983990597,90.3247611636207,-28.7350787423496
86,"RW + drift",12,126.043586835641,79.2069562829059,-46.8366305527354
86,"AR(1)",1,121.579838074381,105.916999816895,-15.6628382574867
86,"AR(1)",6,132.559765593628,90.3247611636207,-42.2350044300077
86,"AR(1)",12,140.376036442118,79.2069562829059,-61.1690801592126
86,"MA(1)",1,122.415660094619,105.916999816895,-16.4986602777248
86,"MA(1)",6,129.971992888232,90.3247611636207,-39.6472317246117
86,"MA(1)",12,139.513833156338,79.2069562829059,-60.3068768734325
86,"MA(2)",1,123.379841113162,105.916999816895,-17.462841296267
86,"MA(2)",6,135.30032381692,90.3247611636207,-44.9755626532998
86,"MA(2)",12,146.589785087081,79.2069562829059,-67.3828288041748
86,"ARMA(1,1)",1,123.17277483318,105.916999816895,-17.2557750162854
86,"ARMA(1,1)",6,132.814755950047,90.3247611636207,-42.4899947864262
86,"ARMA(1,1)",12,143.128185562313,79.2069562829059,-63.9212292794073
86,"Auto-ARIMA",1,117.435214822329,105.916999816895,-11.5182150054346
86,"Auto-ARIMA",6,97.6813872536587,90.3247611636207,-7.35662609003802
86,"Auto-ARIMA",12,78.7730836666786,79.2069562829059,0.433872616227319
87,"Naive RW",1,105.916999816895,111.4971429734,5.58014315650578
87,"Naive RW",6,105.916999816895,93.5938095819382,-12.3231902349563
87,"Naive RW",12,105.916999816895,83.3689478824013,-22.5480519344932
87,"Naive RW (bias-c)",1,106.501458895394,111.4971429734,4.99568407800662
87,"Naive RW (bias-c)",6,109.472488120163,93.5938095819382,-15.878678538225
87,"Naive RW (bias-c)",12,113.147329285546,83.3689478824013,-29.7783814031449
87,"RW + drift",1,106.842686095656,111.4971429734,4.65445687774449
87,"RW + drift",6,111.593894685044,93.5938095819382,-18.0000851031062
87,"RW + drift",12,117.575057379886,83.3689478824013,-34.206109497485
87,"AR(1)",1,104.712916722853,111.4971429734,6.78422625054695
87,"AR(1)",6,107.924620370862,93.5938095819382,-14.330810788924
87,"AR(1)",12,113.699190858907,83.3689478824013,-30.3302429765052
87,"MA(1)",1,101.640506433408,111.4971429734,9.85663653999245
87,"MA(1)",6,106.640829462937,93.5938095819382,-13.047019880999
87,"MA(1)",12,112.859948020421,83.3689478824013,-29.49100013802
87,"MA(2)",1,102.140497450282,111.4971429734,9.35664552311833
87,"MA(2)",6,105.113761222655,93.5938095819382,-11.5199516407169
87,"MA(2)",12,111.831326680229,83.3689478824013,-28.4623787978281
87,"ARMA(1,1)",1,101.794866159972,111.4971429734,9.70227681342858
87,"ARMA(1,1)",6,106.203251222698,93.5938095819382,-12.6094416407597
87,"ARMA(1,1)",12,112.572744971063,83.3689478824013,-29.2037970886619
87,"Auto-ARIMA",1,95.1675589887242,111.4971429734,16.3295839846761
87,"Auto-ARIMA",6,86.2916130212948,93.5938095819382,7.30219656064345
87,"Auto-ARIMA",12,72.4273184816733,83.3689478824013,10.941629400728
88,"Naive RW",1,111.4971429734,117.663810003371,6.16666702997115
88,"Naive RW",6,111.4971429734,91.1142857869466,-20.3828571864537
88,"Naive RW",12,111.4971429734,75.6322735873136,-35.8648693860868
88,"Naive RW (bias-c)",1,112.107062363018,117.663810003371,5.55674764035351
88,"Naive RW (bias-c)",6,115.207072183615,91.1142857869466,-24.0927863966681
88,"Naive RW (bias-c)",12,119.040444689126,75.6322735873136,-43.4081711018123
88,"RW + drift",1,112.526110858022,117.663810003371,5.13769914534926
88,"RW + drift",6,117.815154894895,91.1142857869466,-26.7008691079488
88,"RW + drift",12,124.491178453062,75.6322735873136,-48.8589048657488
88,"AR(1)",1,114.775502012709,117.663810003371,2.88830799066199
88,"AR(1)",6,121.265335198615,91.1142857869466,-30.1510494116682
88,"AR(1)",12,128.143227865179,75.6322735873136,-52.5109542778657
88,"MA(1)",1,117.485746447301,117.663810003371,0.178063556070811
88,"MA(1)",6,124.139490689592,91.1142857869466,-33.0252049026454
88,"MA(1)",12,132.506928688454,75.6322735873136,-56.8746551011407
88,"MA(2)",1,115.687974842235,117.663810003371,1.97583516113633
88,"MA(2)",6,124.859973489666,91.1142857869466,-33.7456877027192
88,"MA(2)",12,134.126038310877,75.6322735873136,-58.4937647235638
88,"ARMA(1,1)",1,117.103261725548,117.663810003371,0.560548277823528
88,"ARMA(1,1)",6,124.532614377978,91.1142857869466,-33.4183285910313
88,"ARMA(1,1)",12,133.189108555158,75.6322735873136,-57.5568349678445
88,"Auto-ARIMA",1,107.56727074079,117.663810003371,10.0965392625812
88,"Auto-ARIMA",6,101.899533515133,91.1142857869466,-10.7852477281868
88,"Auto-ARIMA",12,87.3662992718818,75.6322735873136,-11.7340256845682
89,"Naive RW",1,117.663810003371,104.704999542236,-12.9588104611352
89,"Naive RW",6,117.663810003371,81.3414284842355,-36.322381519136
89,"Naive RW",12,117.663810003371,74.9257136753627,-42.7380963280088
89,"Naive RW (bias-c)",1,118.30213715637,104.704999542236,-13.5971376141338
89,"Naive RW (bias-c)",6,121.546094134057,81.3414284842355,-40.2046656498214
89,"Naive RW (bias-c)",12,125.556473131558,74.9257136753627,-50.6307594561949
89,"RW + drift",1,118.809272743721,104.704999542236,-14.1042732014849
89,"RW + drift",6,124.706040502753,81.3414284842355,-43.3646120185179
89,"RW + drift",12,132.169751578066,74.9257136753627,-57.2440379027033
89,"AR(1)",1,121.271734269609,104.704999542236,-16.5667347273729
89,"AR(1)",6,128.511736422639,81.3414284842355,-47.170307938404
89,"AR(1)",12,136.210501486755,74.9257136753627,-61.2847878113922
89,"MA(1)",1,119.797933961057,104.704999542236,-15.0929344188208
89,"MA(1)",6,126.645654060803,81.3414284842355,-45.3042255765675
89,"MA(1)",12,135.263637196325,74.9257136753627,-60.3379235209621
89,"MA(2)",1,122.762488462802,104.704999542236,-18.0574889205655
89,"MA(2)",6,131.19154238176,81.3414284842355,-49.8501138975241
89,"MA(2)",12,141.255453843235,74.9257136753627,-66.3297401678719
89,"ARMA(1,1)",1,120.525149851031,104.704999542236,-15.8201503087947
89,"ARMA(1,1)",6,127.824384712665,81.3414284842355,-46.4829562284298
89,"ARMA(1,1)",12,136.842475428266,74.9257136753627,-61.9167617529036
89,"Auto-ARIMA",1,123.854350465041,104.704999542236,-19.1493509228045
89,"Auto-ARIMA",6,110.916266285047,81.3414284842355,-29.5748378008115
89,"Auto-ARIMA",12,94.8621257501892,74.9257136753627,-19.9364120748265
90,"Naive RW",1,104.704999542236,97.7408689415973,-6.96413060063904
90,"Naive RW",6,104.704999542236,83.8790000915527,-20.8259994506836
90,"Naive RW",12,104.704999542236,80.3554996490479,-24.3494998931885
90,"Naive RW (bias-c)",1,105.27465948036,97.7408689415973,-7.53379053876279
90,"Naive RW (bias-c)",6,108.169787326883,83.8790000915527,-24.2907872353306
90,"Naive RW (bias-c)",12,111.749228226903,80.3554996490479,-31.3937285778552
90,"RW + drift",1,105.575960109307,97.7408689415973,-7.83509116770948
90,"RW + drift",6,110.040648568602,83.8790000915527,-26.1616484770493
90,"RW + drift",12,115.648196268928,80.3554996490479,-35.2926966198803
90,"AR(1)",1,101.562737254508,97.7408689415973,-3.82186831291037
90,"AR(1)",6,103.51261773141,83.8790000915527,-19.6336176398572
90,"AR(1)",12,108.774715869418,80.3554996490479,-28.4192162203705
90,"MA(1)",1,100.814054780167,97.7408689415973,-3.07318583856959
90,"MA(1)",6,105.534200822088,83.8790000915527,-21.6552007305349
90,"MA(1)",12,111.389906254532,80.3554996490479,-31.0344066054845
90,"MA(2)",1,99.2274880700693,97.7408689415973,-1.48661912847196
90,"MA(2)",6,102.272611934543,83.8790000915527,-18.3936118429898
90,"MA(2)",12,108.159300721394,80.3554996490479,-27.8038010723458
90,"ARMA(1,1)",1,100.338081238736,97.7408689415973,-2.59721229713897
90,"ARMA(1,1)",6,104.488367307535,83.8790000915527,-20.609367215982
90,"ARMA(1,1)",12,110.363246228414,80.3554996490479,-30.0077465793661
90,"Auto-ARIMA",1,97.927704508614,97.7408689415973,-0.186835567016644
90,"Auto-ARIMA",6,95.0212889026101,83.8790000915527,-11.1422888110573
90,"Auto-ARIMA",12,89.5682792314063,80.3554996490479,-9.21277958235841
91,"Naive RW",1,97.7408689415973,90.3247611636207,-7.41610777797662
91,"Naive RW",6,97.7408689415973,83.5094732987253,-14.231395642872
91,"Naive RW",12,97.7408689415973,85.1043475607167,-12.6365213808806
91,"Naive RW (bias-c)",1,98.2693381352029,90.3247611636207,-7.94457697158217
91,"Naive RW (bias-c)",6,100.954854565243,83.5094732987253,-17.4453812665181
91,"Naive RW (bias-c)",12,104.27452477816,85.1043475607167,-19.170177217443
91,"RW + drift",1,98.4704237402245,90.3247611636207,-8.1456625766038
91,"RW + drift",6,102.20069807782,83.5094732987253,-18.6912247790943
91,"RW + drift",12,106.864025260864,85.1043475607167,-21.7596777001473
91,"AR(1)",1,96.2845231068658,90.3247611636207,-5.95976194324504
91,"AR(1)",6,98.5245903259454,83.5094732987253,-15.0151170272201
91,"AR(1)",12,103.011475900323,85.1043475607167,-17.907128339606
91,"MA(1)",1,98.0164877673771,90.3247611636207,-7.69172660375636
91,"MA(1)",6,102.40593568517,83.5094732987253,-18.8964623864442
91,"MA(1)",12,107.835679787886,85.1043475607167,-22.7313322271696
91,"MA(2)",1,96.8745739965028,90.3247611636207,-6.5498128328821
91,"MA(2)",6,101.416164855942,83.5094732987253,-17.9066915572164
91,"MA(2)",12,107.154092105695,85.1043475607167,-22.0497445449781
91,"ARMA(1,1)",1,97.6265229988773,90.3247611636207,-7.30176183525656
91,"ARMA(1,1)",6,101.941202696944,83.5094732987253,-18.4317293982184
91,"ARMA(1,1)",12,107.464617841004,85.1043475607167,-22.360270280287
91,"Auto-ARIMA",1,96.4140599047125,90.3247611636207,-6.08929874109178
91,"Auto-ARIMA",6,92.1102804225283,83.5094732987253,-8.60080712380297
91,"Auto-ARIMA",12,91.0291204783344,85.1043475607167,-5.92477291761773
92,"Naive RW",1,90.3247611636207,93.5938095819382,3.26904841831757
92,"Naive RW",6,90.3247611636207,79.2069562829059,-11.1178048807148
92,"Naive RW",12,90.3247611636207,92.7664993286133,2.4417381649926
92,"Naive RW (bias-c)",1,90.8108830545036,93.5938095819382,2.78292652743465
92,"Naive RW (bias-c)",6,93.2810193985558,79.2069562829059,-14.0740631156498
92,"Naive RW (bias-c)",12,96.3340336352675,92.7664993286133,-3.56753430665418
92,"RW + drift",1,90.9135958124326,93.5938095819382,2.68021376950568
92,"RW + drift",6,93.9158519336535,79.2069562829059,-14.7088956507476
92,"RW + drift",12,97.6497156571099,92.7664993286133,-4.88321632849662
92,"AR(1)",1,88.5747288991421,93.5938095819382,5.0190806827961
92,"AR(1)",6,90.0099800943554,79.2069562829059,-10.8030238114495
92,"AR(1)",12,93.5789446259641,92.7664993286133,-0.812445297350862
92,"MA(1)",1,88.6539361122603,93.5938095819382,4.93987346967795
92,"MA(1)",6,92.0820965414034,79.2069562829059,-12.8751402584975
92,"MA(1)",12,96.2848198293941,92.7664993286133,-3.51832050078085
92,"MA(2)",1,88.6157631353726,93.5938095819382,4.97804644656568
92,"MA(2)",6,91.5951728812254,79.2069562829059,-12.3882165983195
92,"MA(2)",12,96.1596949085843,92.7664993286133,-3.39319557997102
92,"ARMA(1,1)",1,88.4909129274694,93.5938095819382,5.10289665446885
92,"ARMA(1,1)",6,91.6420005002282,79.2069562829059,-12.4350442173223
92,"ARMA(1,1)",12,95.946863419492,92.7664993286133,-3.18036409087868
92,"Auto-ARIMA",1,87.423794061333,93.5938095819382,6.17001552060529
92,"Auto-ARIMA",6,81.700793581761,79.2069562829059,-2.4938372988551
92,"Auto-ARIMA",12,85.3269049370116,92.7664993286133,7.43959439160167
93,"Naive RW",1,93.5938095819383,91.1142857869466,-2.47952379499166
93,"Naive RW",6,93.5938095819383,83.3689478824013,-10.224861699537
93,"Naive RW",12,93.5938095819383,88.7040911587802,-4.88971842315809
93,"Naive RW (bias-c)",1,94.0927340028891,91.1142857869466,-2.97844821594249
93,"Naive RW (bias-c)",6,96.6275353585426,83.3689478824013,-13.2585874761413
93,"Naive RW (bias-c)",12,99.7595955456035,88.7040911587802,-11.0555043868233
93,"RW + drift",1,94.2333908481178,91.1142857869466,-3.11910506117121
93,"RW + drift",6,97.4974570862699,83.3689478824013,-14.1285092038686
93,"RW + drift",12,101.563919459514,88.7040911587802,-12.8598283007336
93,"AR(1)",1,95.6417346565854,91.1142857869466,-4.5274488696388
93,"AR(1)",6,99.5810703721275,83.3689478824013,-16.2121224897262
93,"AR(1)",12,103.737821678971,88.7040911587802,-15.0337305201913
93,"MA(1)",1,97.0242535230908,91.1142857869466,-5.90996773614417
93,"MA(1)",6,101.206710259812,83.3689478824013,-17.8377623774106
93,"MA(1)",12,106.371144411288,88.7040911587802,-17.6670532525074
93,"MA(2)",1,96.7542296315734,91.1142857869466,-5.63994384462681
93,"MA(2)",6,102.221408109418,83.3689478824013,-18.8524602270164
93,"MA(2)",12,107.97045061774,88.7040911587802,-19.2663594589601
93,"ARMA(1,1)",1,96.9543877488557,91.1142857869466,-5.84010196190904
93,"ARMA(1,1)",6,101.558989343543,83.3689478824013,-18.190041461142
93,"ARMA(1,1)",12,106.91852066666,88.7040911587802,-18.2144295078798
93,"Auto-ARIMA",1,98.8681408849136,91.1142857869466,-7.75385509796703
93,"Auto-ARIMA",6,90.4512085273399,83.3689478824013,-7.08226064493854
93,"Auto-ARIMA",12,91.3823707195601,88.7040911587802,-2.6782795607799
94,"Naive RW",1,91.1142857869466,81.3414284842355,-9.77285730271109
94,"Naive RW",6,91.1142857869466,75.6322735873136,-15.482012199633
94,"Naive RW",12,91.1142857869466,82.0277273004705,-9.08655848647605
94,"Naive RW (bias-c)",1,91.5951630423009,81.3414284842355,-10.2537345580654
94,"Naive RW (bias-c)",6,94.0378874303893,75.6322735873136,-18.4056138430757
94,"Naive RW (bias-c)",12,97.0552992430686,82.0277273004705,-15.0275719425981
94,"RW + drift",1,91.7040792905679,81.3414284842355,-10.3626508063324
94,"RW + drift",6,94.7108105184505,75.6322735873136,-19.078536931137
94,"RW + drift",12,98.4492997073675,82.0277273004705,-16.421572406897
94,"AR(1)",1,91.0393957329056,81.3414284842355,-9.69796724867008
94,"AR(1)",6,93.4791067998308,75.6322735873136,-17.8468332125173
94,"AR(1)",12,97.1654190916165,82.0277273004705,-15.137691791146
94,"MA(1)",1,90.1497179804054,81.3414284842355,-8.80828949616988
94,"MA(1)",6,93.6212652217926,75.6322735873136,-17.9889916344791
94,"MA(1)",12,97.8807377908939,82.0277273004705,-15.8530104904234
94,"MA(2)",1,90.6313721044519,81.3414284842355,-9.28994362021636
94,"MA(2)",6,93.7833599577489,75.6322735873136,-18.1510863704353
94,"MA(2)",12,98.489400821257,82.0277273004705,-16.4616735207864
94,"ARMA(1,1)",1,90.26545281725,81.3414284842355,-8.92402433301447
94,"ARMA(1,1)",6,93.6150691109575,75.6322735873136,-17.9827955236439
94,"ARMA(1,1)",12,98.0151353595261,82.0277273004705,-15.9874080590556
94,"Auto-ARIMA",1,91.8669330574329,81.3414284842355,-10.5255045731975
94,"Auto-ARIMA",6,92.057459001714,75.6322735873136,-16.4251854144004
94,"Auto-ARIMA",12,92.057459001714,82.0277273004705,-10.0297317012435
95,"Naive RW",1,81.3414284842355,83.8790000915527,2.53757160731723
95,"Naive RW",6,81.3414284842355,74.9257136753627,-6.41571480887278
95,"Naive RW",12,81.3414284842355,77.323999786377,-4.01742869785855
95,"Naive RW (bias-c)",1,81.7717365080685,83.8790000915527,2.10726358348428
95,"Naive RW (bias-c)",6,83.9576643171666,74.9257136753627,-9.03195064180386
95,"Naive RW (bias-c)",12,86.6580477986092,77.323999786377,-9.33404801223227
95,"RW + drift",1,81.7646905107188,83.8790000915527,2.11430958083399
95,"RW + drift",6,83.9142675578137,74.9257136753627,-8.988553882451
95,"RW + drift",12,86.5684858378047,77.323999786377,-9.24448605142774
95,"AR(1)",1,78.7619971455659,83.8790000915527,5.11700294598685
95,"AR(1)",6,79.0579164004782,74.9257136753627,-4.13220272511546
95,"AR(1)",12,81.5481636775962,77.323999786377,-4.22416389121921
95,"MA(1)",1,79.0747203316214,83.8790000915527,4.80427975993136
95,"MA(1)",6,81.5496455393092,74.9257136753627,-6.62393186394644
95,"MA(1)",12,84.5474608750915,77.323999786377,-7.22346108871456
95,"MA(2)",1,77.7039978903546,83.8790000915527,6.17500220119817
95,"MA(2)",6,79.2393074409195,74.9257136753627,-4.31359376555675
95,"MA(2)",12,82.354503470871,77.323999786377,-5.03050368449406
95,"ARMA(1,1)",1,78.6417507977824,83.8790000915527,5.23724929377029
95,"ARMA(1,1)",6,80.7446446696271,74.9257136753627,-5.81893099426442
95,"ARMA(1,1)",12,83.781796217643,77.323999786377,-6.45779643126603
95,"Auto-ARIMA",1,74.7869583175525,83.8790000915527,9.09204177400025
95,"Auto-ARIMA",6,71.2756405185462,74.9257136753627,3.65007315681649
95,"Auto-ARIMA",12,77.4588540155922,77.323999786377,-0.134854229215193
96,"Naive RW",1,83.8790000915527,83.5094732987253,-0.369526792827415
96,"Naive RW",6,83.8790000915527,80.3554996490479,-3.52350044250488
96,"Naive RW",12,83.8790000915527,79.197143191383,-4.68185690016975
96,"Naive RW (bias-c)",1,84.3185123888606,83.5094732987253,-0.809039090135272
96,"Naive RW (bias-c)",6,86.5508607625701,80.3554996490479,-6.19536111352222
96,"Naive RW (bias-c)",12,89.3078302145402,79.197143191383,-10.1106870231572
96,"RW + drift",1,84.3378918739596,83.5094732987253,-0.828418575234309
96,"RW + drift",6,86.670284727718,80.3554996490479,-6.31478507867013
96,"RW + drift",12,89.5544563786495,79.197143191383,-10.3573131872665
96,"AR(1)",1,85.475049601541,83.5094732987253,-1.96557630281565
96,"AR(1)",6,88.3137212468003,80.3554996490479,-7.95822159775246
96,"AR(1)",12,91.2548896396314,79.197143191383,-12.0577464482484
96,"MA(1)",1,86.9945477883392,83.5094732987253,-3.48507448961392
96,"MA(1)",6,90.1220189018758,80.3554996490479,-9.76651925282798
96,"MA(1)",12,93.9425473684233,79.197143191383,-14.7454041770403
96,"MA(2)",1,87.0094169861135,83.5094732987253,-3.49994368738818
96,"MA(2)",6,91.2568223193991,80.3554996490479,-10.9013226703513
96,"MA(2)",12,95.5051398774667,79.197143191383,-16.3079966860837
96,"ARMA(1,1)",1,86.9737193636454,83.5094732987253,-3.46424606492003
96,"ARMA(1,1)",6,90.4335872056613,80.3554996490479,-10.0780875566135
96,"ARMA(1,1)",12,94.3935096840319,79.197143191383,-15.1963664926489
96,"Auto-ARIMA",1,87.5364148063698,83.5094732987253,-4.02694150764451
96,"Auto-ARIMA",6,84.491758738712,80.3554996490479,-4.13625908966411
96,"Auto-ARIMA",12,87.5785940877686,79.197143191383,-8.38145089638556
97,"Naive RW",1,83.5094732987253,79.2069562829059,-4.30251701581939
97,"Naive RW",6,83.5094732987253,85.1043475607167,1.59487426199142
97,"Naive RW",12,83.5094732987253,81.6239994049072,-1.88547389381807
97,"Naive RW (bias-c)",1,83.942535001347,79.2069562829059,-4.73557871844112
97,"Naive RW (bias-c)",6,86.1417637793689,85.1043475607167,-1.03741621865223
97,"Naive RW (bias-c)",12,88.8570263217534,81.6239994049072,-7.23302691684621
97,"RW + drift",1,83.9577990714694,79.2069562829059,-4.75084278856345
97,"RW + drift",6,86.2357903756215,85.1043475607167,-1.13144281490479
97,"RW + drift",12,89.0511129809946,81.6239994049072,-7.42711357608741
97,"AR(1)",1,84.0475740254785,79.2069562829059,-4.84061774257255
97,"AR(1)",6,86.2238638565442,85.1043475607167,-1.11951629582748
97,"AR(1)",12,89.0379342909845,81.6239994049072,-7.4139348860773
97,"MA(1)",1,83.2338281239318,79.2069562829059,-4.02687184102585
97,"MA(1)",6,85.9955300899641,85.1043475607167,-0.891182529247388
97,"MA(1)",12,89.3552644603705,81.6239994049072,-7.73126505546328
97,"MA(2)",1,83.8104813508001,79.2069562829059,-4.60352506789418
97,"MA(2)",6,86.5251938139176,85.1043475607167,-1.42084625320092
97,"MA(2)",12,90.2215607938682,81.6239994049072,-8.597561388961
97,"ARMA(1,1)",1,83.3819602030684,79.2069562829059,-4.17500392016254
97,"ARMA(1,1)",6,86.1332352147624,85.1043475607167,-1.02888765404568
97,"ARMA(1,1)",12,89.6070331705236,81.6239994049072,-7.98303376561634
97,"Auto-ARIMA",1,79.9985631818133,79.2069562829059,-0.791606898907347
97,"Auto-ARIMA",6,81.2220099350444,85.1043475607167,3.88233762567232
97,"Auto-ARIMA",12,82.6118667355571,81.6239994049072,-0.987867330649848
98,"Naive RW",1,79.2069562829059,83.3689478824013,4.16199159949538
98,"Naive RW",6,79.2069562829059,92.7664993286133,13.5595430457073
98,"Naive RW",12,79.2069562829059,84.66549949646,5.45854321355402
98,"Naive RW (bias-c)",1,79.6146405431735,83.3689478824013,3.75430733922778
98,"Naive RW (bias-c)",6,81.6847544216514,92.7664993286133,11.0817449069619
98,"Naive RW (bias-c)",12,84.2400644849107,84.66549949646,0.425435011549297
98,"RW + drift",1,79.5848652712362,83.3689478824013,3.78408261116512
98,"RW + drift",6,81.5016288423224,92.7664993286133,11.2648704862908
98,"RW + drift",12,83.8627794284431,84.66549949646,0.802720068016839
98,"AR(1)",1,78.345460468135,83.3689478824013,5.02348741426631
98,"AR(1)",6,79.4217620140765,92.7664993286133,13.3447373145367
98,"AR(1)",12,81.7180468838842,84.66549949646,2.9474526125758
98,"MA(1)",1,78.612012509662,83.3689478824013,4.75693537273936
98,"MA(1)",6,80.9668767764024,92.7664993286133,11.7996225522109
98,"MA(1)",12,83.8148795834689,84.66549949646,0.850619912991107
98,"MA(2)",1,77.9093186041221,83.3689478824013,5.45962927827918
98,"MA(2)",6,79.9929599141763,92.7664993286133,12.773539414437
98,"MA(2)",12,82.9932939336364,84.66549949646,1.67220556282358
98,"ARMA(1,1)",1,78.4013271399398,83.3689478824013,4.96762074246155
98,"ARMA(1,1)",6,80.6532612440279,92.7664993286133,12.1132380845854
98,"ARMA(1,1)",12,83.5615673023194,84.66549949646,1.1039321941406
98,"Auto-ARIMA",1,79.1893804980186,83.3689478824013,4.17956738438269
98,"Auto-ARIMA",6,81.3532901724811,92.7664993286133,11.4132091561322
98,"Auto-ARIMA",12,81.9829099656004,84.66549949646,2.68258953085959
99,"Naive RW",1,83.3689478824013,75.6322735873136,-7.73667429508778
99,"Naive RW",6,83.3689478824013,88.7040911587802,5.33514327637884
99,"Naive RW",12,83.3689478824013,88.9999993064187,5.63105142401733
99,"Naive RW (bias-c)",1,83.7948187140914,75.6322735873136,-8.1625451267778
99,"Naive RW (bias-c)",6,85.9570279102798,88.7040911587802,2.74706324850038
99,"Naive RW (bias-c)",12,88.6254515001299,88.9999993064187,0.374547806288803
99,"RW + drift",1,83.8060279516724,75.6322735873136,-8.17375436435886
99,"RW + drift",6,86.0260418452289,88.7040911587802,2.67804931355127
99,"RW + drift",12,88.767821395516,88.9999993064187,0.232177910902664
99,"AR(1)",1,85.5295443806826,75.6322735873136,-9.897270793369
99,"AR(1)",6,88.5884151547991,88.7040911587802,0.115676003981122
99,"AR(1)",12,91.4156915140172,88.9999993064187,-2.4156922075985
99,"MA(1)",1,86.4223960202818,75.6322735873136,-10.7901224329682
99,"MA(1)",6,89.4042048387352,88.7040911587802,-0.700113679954995
99,"MA(1)",12,93.0402345846738,88.9999993064187,-4.04023527825512
99,"MA(2)",1,86.6655235238996,75.6322735873136,-11.033249936586
99,"MA(2)",6,90.4874896672199,88.7040911587802,-1.78339850843975
99,"MA(2)",12,94.463981576654,88.9999993064187,-5.46398227023529
99,"ARMA(1,1)",1,86.5005148729294,75.6322735873136,-10.8682412856159
99,"ARMA(1,1)",6,89.7817758658101,88.7040911587802,-1.07768470702993
99,"ARMA(1,1)",12,93.5431894811793,88.9999993064187,-4.5431901747606
99,"Auto-ARIMA",1,83.9625354513644,75.6322735873136,-8.33026186405084
99,"Auto-ARIMA",6,85.3785070706371,88.7040911587802,3.32558408814309
99,"Auto-ARIMA",12,86.3467701907898,88.9999993064187,2.65322911562889
100,"Naive RW",1,75.6322735873135,74.9257136753627,-0.706559911950805
100,"Naive RW",6,75.6322735873135,82.0277273004705,6.395453713157
100,"Naive RW",12,75.6322735873135,82.9918185147372,7.35954492742368
100,"Naive RW (bias-c)",1,76.0183553939245,74.9257136753627,-1.09264171856178
100,"Naive RW (bias-c)",6,77.9785290209951,82.0277273004705,4.04919827947546
100,"Naive RW (bias-c)",12,80.3975697128604,82.9918185147372,2.59424880187682
100,"RW + drift",1,75.9508103076001,74.9257136753627,-1.02509663223732
100,"RW + drift",6,77.563730751843,82.0277273004705,4.46399654862758
100,"RW + drift",12,79.5445124520694,82.9918185147372,3.44730606266779
100,"AR(1)",1,73.7159399073752,74.9257136753627,1.20977376798757
100,"AR(1)",6,74.0223701784473,82.0277273004705,8.00535712202327
100,"AR(1)",12,75.9068677677786,82.9918185147372,7.08495074695867
100,"MA(1)",1,72.6419044659744,74.9257136753627,2.28380920938828
100,"MA(1)",6,74.4672547630109,82.0277273004705,7.5604725374596
100,"MA(1)",12,76.6557919639229,82.9918185147372,6.3360265508143
100,"MA(2)",1,72.5854228410139,74.9257136753627,2.34029083434886
100,"MA(2)",6,73.7278873234452,82.0277273004705,8.29983997702533
100,"MA(2)",12,76.0120333432062,82.9918185147372,6.97978517153103
100,"ARMA(1,1)",1,72.6015867387275,74.9257136753627,2.32412693663527
100,"ARMA(1,1)",6,74.1579472111935,82.0277273004705,7.86978008927707
100,"ARMA(1,1)",12,76.3827231081497,82.9918185147372,6.60909540658749
100,"Auto-ARIMA",1,70.8603216189816,74.9257136753627,4.06539205638117
100,"Auto-ARIMA",6,76.4716977635094,82.0277273004705,5.55602953696112
100,"Auto-ARIMA",12,78.2020816308647,82.9918185147372,4.78973688387249
101,"Naive RW",1,74.9257136753627,80.3554996490479,5.42978597368511
101,"Naive RW",6,74.9257136753627,77.323999786377,2.39828611101422
101,"Naive RW",12,74.9257136753627,82.889474166067,7.96376049070427
101,"Naive RW (bias-c)",1,75.3044250963356,80.3554996490479,5.05107455271222
101,"Naive RW (bias-c)",6,77.2268893495492,77.323999786377,0.0971104368277764
101,"Naive RW (bias-c)",12,79.5987404864534,82.889474166067,3.2907336796136
101,"RW + drift",1,75.231152168369,80.3554996490479,5.12434748067889
101,"RW + drift",6,76.7771234953729,77.323999786377,0.546876291004054
101,"RW + drift",12,78.6742815392369,82.889474166067,4.2151926268301
101,"AR(1)",1,75.2202142563826,80.3554996490479,5.13528539266522
101,"AR(1)",6,76.631185500811,77.323999786377,0.692814285565944
101,"AR(1)",12,78.5239142962351,82.889474166067,4.3655598698319
101,"MA(1)",1,76.6679349808742,80.3554996490479,3.68756466817369
101,"MA(1)",6,78.7731741880498,77.323999786377,-1.44917440167285
101,"MA(1)",12,81.311628264693,82.889474166067,1.57784590137406
101,"MA(2)",1,76.0222955862936,80.3554996490479,4.33320406275426
101,"MA(2)",6,78.4709483772521,77.323999786377,-1.14694859087513
101,"MA(2)",12,81.1472528866339,82.889474166067,1.74222127943312
101,"ARMA(1,1)",1,76.454469270585,80.3554996490479,3.90103037846285
101,"ARMA(1,1)",6,78.6732154091246,77.323999786377,-1.34921562274764
101,"ARMA(1,1)",12,81.2664849386243,82.889474166067,1.62298922744267
101,"Auto-ARIMA",1,79.1371321213698,80.3554996490479,1.21836752767803
101,"Auto-ARIMA",6,83.9129781807745,77.323999786377,-6.58897839439759
101,"Auto-ARIMA",12,83.0939421595441,82.889474166067,-0.204467993477095
102,"Naive RW",1,80.3554996490478,85.1043475607167,4.74884791166889
102,"Naive RW",6,80.3554996490478,79.197143191383,-1.15835645766484
102,"Naive RW",12,80.3554996490478,83.7177273143422,3.36222766529433
102,"Naive RW (bias-c)",1,80.7596017708934,85.1043475607167,4.34474578982335
102,"Naive RW (bias-c)",6,82.810800563143,79.197143191383,-3.61365737176
102,"Naive RW (bias-c)",12,85.3411243767919,83.7177273143422,-1.62339706244977
102,"RW + drift",1,80.73521352546,85.1043475607167,4.36913403525674
102,"RW + drift",6,82.6608677280577,79.197143191383,-3.46372453667469
102,"RW + drift",12,85.0323759219686,83.7177273143422,-1.31464860762642
102,"AR(1)",1,82.8938053589602,85.1043475607167,2.21054220175648
102,"AR(1)",6,85.8688064190144,79.197143191383,-6.67166322763141
102,"AR(1)",12,88.3366317986123,83.7177273143422,-4.61890448427012
102,"MA(1)",1,82.8099778994203,85.1043475607167,2.29436966129641
102,"MA(1)",6,85.3889394251014,79.197143191383,-6.19179623371838
102,"MA(1)",12,88.5189505879466,83.7177273143422,-4.80122327360444
102,"MA(2)",1,83.4727065649734,85.1043475607167,1.63164099574335
102,"MA(2)",6,86.6172670807483,79.197143191383,-7.42012388936527
102,"MA(2)",12,90.0191078788827,83.7177273143422,-6.30138056454058
102,"ARMA(1,1)",1,83.0361695332731,85.1043475607167,2.06817802744358
102,"ARMA(1,1)",6,85.8330352864895,79.197143191383,-6.63589209510648
102,"ARMA(1,1)",12,89.0659977776187,83.7177273143422,-5.34827046327653
102,"Auto-ARIMA",1,83.1970686434388,85.1043475607167,1.90727891727792
102,"Auto-ARIMA",6,84.0917321680475,79.197143191383,-4.89458897666455
102,"Auto-ARIMA",12,83.6768282240197,83.7177273143422,0.0408990903224407
103,"Naive RW",1,85.1043475607167,92.7664993286133,7.66215176789655
103,"Naive RW",6,85.1043475607167,81.6239994049072,-3.48034815580951
103,"Naive RW",12,85.1043475607167,78.8750013871626,-6.22934617355409
103,"Naive RW (bias-c)",1,85.52953457668,92.7664993286133,7.23696475193323
103,"Naive RW (bias-c)",6,87.6875466544208,81.6239994049072,-6.06354724951358
103,"Naive RW (bias-c)",12,90.3491544046621,78.8750013871626,-11.4741530174994
103,"RW + drift",1,85.5502651317321,92.7664993286133,7.21623419688119
103,"RW + drift",6,87.8151456207605,81.6239994049072,-6.19114621585332
103,"RW + drift",12,90.6122897528085,78.8750013871626,-11.7372883656459
103,"AR(1)",1,87.4601551734366,92.7664993286133,5.30634415517663
103,"AR(1)",6,90.6447109702591,81.6239994049072,-9.02071156535189
103,"AR(1)",12,93.535821280426,78.8750013871626,-14.6608198932634
103,"MA(1)",1,87.0881806429899,92.7664993286133,5.67831868562337
103,"MA(1)",6,89.9920121564998,81.6239994049072,-8.36801275159254
103,"MA(1)",12,93.5301948353995,78.8750013871626,-14.6551934482368
103,"MA(2)",1,87.3006178415047,92.7664993286133,5.46588148710853
103,"MA(2)",6,90.5508763413379,81.6239994049072,-8.92687693643065
103,"MA(2)",12,94.3185729508092,78.8750013871626,-15.4435715636465
103,"ARMA(1,1)",1,87.1894570264025,92.7664993286133,5.57704230221074
103,"ARMA(1,1)",6,90.2630838209915,81.6239994049072,-8.63908441608424
103,"ARMA(1,1)",12,93.8970473525939,78.8750013871626,-15.0220459654313
103,"Auto-ARIMA",1,86.8278500543659,92.7664993286133,5.93864927424741
103,"Auto-ARIMA",6,85.8303469356224,81.6239994049072,-4.20634753071519
103,"Auto-ARIMA",12,85.1003668199902,78.8750013871626,-6.22536543282753
104,"Naive RW",1,92.7664993286132,88.7040911587802,-4.06240816983305
104,"Naive RW",6,92.7664993286132,84.66549949646,-8.10099983215328
104,"Naive RW",12,92.7664993286132,72.6384994506836,-20.1279998779296
104,"Naive RW (bias-c)",1,93.2288304963571,88.7040911587802,-4.52473933757693
104,"Naive RW (bias-c)",6,95.5752794691813,84.66549949646,-10.9097799727214
104,"Naive RW (bias-c)",12,98.4691037359712,72.6384994506836,-25.8306042852876
104,"RW + drift",1,93.3252050145157,88.7040911587802,-4.62111385573553
104,"RW + drift",6,96.1696144297107,84.66549949646,-11.5041149332507
104,"RW + drift",12,99.6975719305444,72.6384994506836,-27.0590724798608
104,"AR(1)",1,96.3341917302439,88.7040911587802,-7.63010057146371
104,"AR(1)",6,100.742279997967,84.66549949646,-16.0767805015072
104,"AR(1)",12,104.444876887879,72.6384994506836,-31.8063774371955
104,"MA(1)",1,96.3471016321881,88.7040911587802,-7.6430104734079
104,"MA(1)",6,100.011474420239,84.66549949646,-15.345974923779
104,"MA(1)",12,104.509594141618,72.6384994506836,-31.8710946909341
104,"MA(2)",1,96.7418293507306,88.7040911587802,-8.03773819195037
104,"MA(2)",6,101.170198249691,84.66549949646,-16.5046987532313
104,"MA(2)",12,105.988475256488,72.6384994506836,-33.3499758058044
104,"ARMA(1,1)",1,96.5366839894238,88.7040911587802,-7.83259283064359
104,"ARMA(1,1)",6,100.539308519745,84.66549949646,-15.8738090232849
104,"ARMA(1,1)",12,105.17404172815,72.6384994506836,-32.5355422774669
104,"Auto-ARIMA",1,93.097294963492,88.7040911587802,-4.39320380471185
104,"Auto-ARIMA",6,92.9437116515381,84.66549949646,-8.27821215507818
104,"Auto-ARIMA",12,90.2519845307287,72.6384994506836,-17.6134850800451
105,"Naive RW",1,88.7040911587802,82.0277273004705,-6.67636385830967
105,"Naive RW",6,88.7040911587802,88.9999993064187,0.295908147638471
105,"Naive RW",12,88.7040911587802,75.3769571055537,-13.3271340532265
105,"Naive RW (bias-c)",1,89.1428065113016,82.0277273004705,-7.11507921083103
105,"Naive RW (bias-c)",6,91.36914587509,88.9999993064187,-2.36914656867135
105,"Naive RW (bias-c)",12,94.1142703666283,75.3769571055537,-18.7373132610747
105,"RW + drift",1,89.1951796418372,82.0277273004705,-7.16745234136668
105,"RW + drift",6,91.6917062155737,88.9999993064187,-2.69170690915502
105,"RW + drift",12,94.7799462109802,75.3769571055537,-19.4029891054265
105,"AR(1)",1,88.0772802153572,82.0277273004705,-6.04955291488666
105,"AR(1)",6,89.8203668017053,88.9999993064187,-0.820367495286604
105,"AR(1)",12,92.8421296699978,75.3769571055537,-17.4651725644441
105,"MA(1)",1,86.9961357726684,82.0277273004705,-4.96840847219788
105,"MA(1)",6,89.8325456171936,88.9999993064187,-0.83254631077493
105,"MA(1)",12,93.2856629351138,75.3769571055537,-17.9087058295602
105,"MA(2)",1,87.0271181871177,82.0277273004705,-4.99939088664718
105,"MA(2)",6,89.4586124508388,88.9999993064187,-0.458613144420156
105,"MA(2)",12,93.0347790320975,75.3769571055537,-17.6578219265438
105,"ARMA(1,1)",1,87.0079331652598,82.0277273004705,-4.98020586478924
105,"ARMA(1,1)",6,89.6968670861701,88.9999993064187,-0.696867779751457
105,"ARMA(1,1)",12,93.1992873324649,75.3769571055537,-17.8223302269112
105,"Auto-ARIMA",1,86.5601382699613,82.0277273004705,-4.53241096949075
105,"Auto-ARIMA",6,87.134538891681,88.9999993064187,1.86546041473764
105,"Auto-ARIMA",12,85.9120857415792,75.3769571055537,-10.5351286360256
106,"Naive RW",1,82.0277273004705,77.323999786377,-4.70372751409357
106,"Naive RW",6,82.0277273004705,82.9918185147372,0.964091214266688
106,"Naive RW",12,82.0277273004705,73.4069999694824,-8.6207273309881
106,"Naive RW (bias-c)",1,82.4319665357436,77.323999786377,-5.10796674936668
106,"Naive RW (bias-c)",6,84.4832416379336,82.9918185147372,-1.49142312319637
106,"Naive RW (bias-c)",12,87.012262225782,73.4069999694824,-13.6052622562995
106,"RW + drift",1,82.4166957277071,77.323999786377,-5.09269594133015
106,"RW + drift",6,84.3893802344749,82.9918185147372,-1.39756171973772
106,"RW + drift",12,86.8190273061233,73.4069999694824,-13.4120273366409
106,"AR(1)",1,80.4802188507333,77.323999786377,-3.15621906435634
106,"AR(1)",6,81.2818608218079,82.9918185147372,1.70995769292936
106,"AR(1)",12,83.6167193114332,73.4069999694824,-10.2097193419508
106,"MA(1)",1,81.1181196438881,77.323999786377,-3.79411985751115
106,"MA(1)",6,83.4755215797738,82.9918185147372,-0.483703065036622
106,"MA(1)",12,86.3264832868785,73.4069999694824,-12.9194833173961
106,"MA(2)",1,80.477092375678,77.323999786377,-3.15309258930107
106,"MA(2)",6,82.5855288656778,82.9918185147372,0.40628964905946
106,"MA(2)",12,85.5040150251182,73.4069999694824,-12.0970150556357
106,"ARMA(1,1)",1,80.8902777015671,77.323999786377,-3.56627791519017
106,"ARMA(1,1)",6,83.1341041650194,82.9918185147372,-0.142285650282147
106,"ARMA(1,1)",12,86.0125595505948,73.4069999694824,-12.6055595811123
106,"Auto-ARIMA",1,82.2395653398896,77.323999786377,-4.91556555351264
106,"Auto-ARIMA",6,83.5268074260823,82.9918185147372,-0.53498891134511
106,"Auto-ARIMA",12,82.6482802634679,73.4069999694824,-9.24128029398548
107,"Naive RW",1,77.323999786377,79.197143191383,1.87314340500603
107,"Naive RW",6,77.323999786377,82.889474166067,5.56547437969006
107,"Naive RW",12,77.323999786377,73.1285716465541,-4.19542813982282
107,"Naive RW (bias-c)",1,77.7027548972082,79.197143191383,1.49438829417483
107,"Naive RW (bias-c)",6,79.6245416375786,82.889474166067,3.26493252848842
107,"Naive RW (bias-c)",12,81.993529156668,73.1285716465541,-8.86495751011384
107,"RW + drift",1,77.6443652479679,79.197143191383,1.55277794341514
107,"RW + drift",6,79.2662127500058,82.889474166067,3.62326141606125
107,"RW + drift",12,81.2572099359525,73.1285716465541,-8.12863828939834
107,"AR(1)",1,76.3090823952669,79.197143191383,2.88806079611605
107,"AR(1)",6,77.0801113804965,82.889474166067,5.80936278557049
107,"AR(1)",12,79.0120472941157,73.1285716465541,-5.88347564756157
107,"MA(1)",1,76.731509902843,79.197143191383,2.46563328854002
107,"MA(1)",6,78.7395519229731,82.889474166067,4.14992224309387
107,"MA(1)",12,81.1546196721598,73.1285716465541,-8.02604802560566
107,"MA(2)",1,76.5709301637701,79.197143191383,2.62621302761285
107,"MA(2)",6,78.485156434273,82.889474166067,4.40431773179398
107,"MA(2)",12,81.0325849003605,73.1285716465541,-7.90401325380641
107,"ARMA(1,1)",1,76.6432912415963,79.197143191383,2.55385194978666
107,"ARMA(1,1)",6,78.580905092365,82.889474166067,4.308569073702
107,"ARMA(1,1)",12,81.0439950238778,73.1285716465541,-7.91542337732371
107,"Auto-ARIMA",1,75.0470695572098,79.197143191383,4.1500736341732
107,"Auto-ARIMA",6,77.6332246103242,82.889474166067,5.25624955574285
107,"Auto-ARIMA",12,78.7336442970125,73.1285716465541,-5.60507265045841
108,"Naive RW",1,79.197143191383,81.6239994049072,2.42685621352423
108,"Naive RW",6,79.197143191383,83.7177273143422,4.52058412295916
108,"Naive RW",12,79.197143191383,78.2633343651181,-0.93380882626488
108,"Naive RW (bias-c)",1,79.5816839312299,81.6239994049072,2.04231547367733
108,"Naive RW (bias-c)",6,81.5325766002398,83.7177273143422,2.18515071410241
108,"Naive RW (bias-c)",12,83.9368792761863,78.2633343651181,-5.67354491106822
108,"RW + drift",1,79.5398512671878,81.6239994049072,2.08414813771945
108,"RW + drift",6,81.2757653080393,83.7177273143422,2.44196200630289
108,"RW + drift",12,83.408943305498,78.2633343651181,-5.14560894037992
108,"AR(1)",1,80.4132487136302,81.6239994049072,1.21075069127704
108,"AR(1)",6,82.4972551875347,83.7177273143422,1.22047212680749
108,"AR(1)",12,84.663836015955,78.2633343651181,-6.40050165083687
108,"MA(1)",1,81.0915855632489,81.6239994049072,0.532413841658297
108,"MA(1)",6,83.4023959222472,83.7177273143422,0.315331392094933
108,"MA(1)",12,86.195290711687,78.2633343651181,-7.93195634656884
108,"MA(2)",1,81.1002024817422,81.6239994049072,0.523796923164994
108,"MA(2)",6,83.822897635837,83.7177273143422,-0.105170321494825
108,"MA(2)",12,86.8132544400006,78.2633343651181,-8.54992007488252
108,"ARMA(1,1)",1,81.0856322948346,81.6239994049072,0.538367110072613
108,"ARMA(1,1)",6,83.5470616565704,83.7177273143422,0.170665657771707
108,"ARMA(1,1)",12,86.4146707200869,78.2633343651181,-8.15133635496876
108,"Auto-ARIMA",1,82.2976789693734,81.6239994049072,-0.673679564466212
108,"Auto-ARIMA",6,81.8600336162337,83.7177273143422,1.85769369810848
108,"Auto-ARIMA",12,82.9190689467919,78.2633343651181,-4.65573458167383
109,"Naive RW",1,81.6239994049072,84.66549949646,3.04150009155272
109,"Naive RW",6,81.6239994049072,78.8750013871626,-2.7489980177446
109,"Naive RW",12,81.6239994049072,74.9405260587993,-6.6834733461079
109,"Naive RW (bias-c)",1,82.0170217274302,84.66549949646,2.64847776902975
109,"Naive RW (bias-c)",6,84.0107024773354,78.8750013871626,-5.13570109017274
109,"Naive RW (bias-c)",12,86.4671932543291,74.9405260587993,-11.5266671955298
109,"RW + drift",1,81.9966642560663,84.66549949646,2.66883524039369
109,"RW + drift",6,83.8856661470477,78.8750013871626,-5.01066475988509
109,"RW + drift",12,86.2099999538972,74.9405260587993,-11.2694738950978
109,"AR(1)",1,83.0645101236173,84.66549949646,1.6009893728427
109,"AR(1)",6,85.4088837232356,78.8750013871626,-6.53388233607294
109,"AR(1)",12,87.7772548083181,74.9405260587993,-12.8367287495188
109,"MA(1)",1,82.7739047149117,84.66549949646,1.89159478154831
109,"MA(1)",6,85.1913149036732,78.8750013871626,-6.31631351651052
109,"MA(1)",12,88.117391501608,74.9405260587993,-13.1768654428087
109,"MA(2)",1,83.0892129912828,84.66549949646,1.57628650517714
109,"MA(2)",6,85.759308808089,78.8750013871626,-6.88430742092635
109,"MA(2)",12,88.8988731174787,74.9405260587993,-13.9583470586794
109,"ARMA(1,1)",1,82.8889052885098,84.66549949646,1.77659420795013
109,"ARMA(1,1)",6,85.4113712444044,78.8750013871626,-6.53636985724174
109,"ARMA(1,1)",12,88.4197790846436,74.9405260587993,-13.4792530258442
109,"Auto-ARIMA",1,82.1999253508377,84.66549949646,2.46557414562227
109,"Auto-ARIMA",6,80.4276385825421,78.8750013871626,-1.55263719537945
109,"Auto-ARIMA",12,81.4803415506385,74.9405260587993,-6.53981549183918
110,"Naive RW",1,84.66549949646,88.9999993064187,4.3344998099587
110,"Naive RW",6,84.66549949646,72.6384994506836,-12.0270000457764
110,"Naive RW",12,84.66549949646,71.4671423775809,-13.1983571188791
110,"Naive RW (bias-c)",1,85.0699694054442,88.9999993064187,3.9300299009745
110,"Naive RW (bias-c)",6,87.1214881582504,72.6384994506836,-14.4829887075668
110,"Naive RW (bias-c)",12,89.648720482958,71.4671423775809,-18.181578105377
110,"RW + drift",1,85.0768196344819,88.9999993064187,3.92317967193675
110,"RW + drift",6,87.1635891940166,72.6384994506836,-14.525089743333
110,"RW + drift",12,89.735386035264,71.4671423775809,-18.2682436576831
110,"AR(1)",1,86.362834089854,88.9999993064187,2.63716521656464
110,"AR(1)",6,89.0267702624654,72.6384994506836,-16.3882708117818
110,"AR(1)",12,91.6559351122681,71.4671423775809,-20.1887927346872
110,"MA(1)",1,86.4212730614256,88.9999993064187,2.57872624499312
110,"MA(1)",6,89.0942854440814,72.6384994506836,-16.4557859933978
110,"MA(1)",12,92.3404510786587,71.4671423775809,-20.8733087010778
110,"MA(2)",1,86.4858935678176,88.9999993064187,2.51410573860107
110,"MA(2)",6,89.4995389813411,72.6384994506836,-16.8610395306575
110,"MA(2)",12,92.9560433549296,71.4671423775809,-21.4889009773487
110,"ARMA(1,1)",1,86.4625434020283,88.9999993064187,2.53745590439038
110,"ARMA(1,1)",6,89.2817480797621,72.6384994506836,-16.6432486290785
110,"ARMA(1,1)",12,92.6121845706633,71.4671423775809,-21.1450421930824
110,"Auto-ARIMA",1,84.3366531518627,88.9999993064187,4.66334615455601
110,"Auto-ARIMA",6,81.9107046667505,72.6384994506836,-9.27220521606691
110,"Auto-ARIMA",12,83.6927487254026,71.4671423775809,-12.2256063478217
111,"Naive RW",1,88.9999993064186,82.9918185147372,-6.00818079168141
111,"Naive RW",6,88.9999993064186,75.3769571055537,-13.623042200865
111,"Naive RW",12,88.9999993064186,66.4566670372373,-22.5433322691814
111,"Naive RW (bias-c)",1,89.4223409247959,82.9918185147372,-6.43052241005869
111,"Naive RW (bias-c)",6,91.5643026800385,75.3769571055537,-16.1873455744848
111,"Naive RW (bias-c)",12,94.2024897822336,66.4566670372373,-27.7458227449964
111,"RW + drift",1,89.4687068341335,82.9918185147372,-6.47688831939625
111,"RW + drift",6,91.8495313477007,75.3769571055537,-16.472574242147
111,"RW + drift",12,94.7902974667082,66.4566670372373,-28.333630429471
111,"AR(1)",1,91.2235087464067,82.9918185147372,-8.23169023166946
111,"AR(1)",6,94.4478422841203,75.3769571055537,-19.0708851785666
111,"AR(1)",12,97.4754436383366,66.4566670372373,-31.0187766010993
111,"MA(1)",1,91.122448489817,82.9918185147372,-8.13062997507974
111,"MA(1)",6,94.1392139889467,75.3769571055537,-18.762256883393
111,"MA(1)",12,97.8167077665688,66.4566670372373,-31.3600407293316
111,"MA(2)",1,91.4367576992793,82.9918185147372,-8.44493918454209
111,"MA(2)",6,94.9133754787712,75.3769571055537,-19.5364183732176
111,"MA(2)",12,98.8461092857559,66.4566670372373,-32.3894422485186
111,"ARMA(1,1)",1,91.2502302290473,82.9918185147372,-8.25841171431009
111,"ARMA(1,1)",6,94.4583862327139,75.3769571055537,-19.0814291271602
111,"ARMA(1,1)",12,98.2371911211334,66.4566670372373,-31.7805240838962
111,"Auto-ARIMA",1,92.0591684451167,82.9918185147372,-9.06734993037949
111,"Auto-ARIMA",6,87.8636602633051,75.3769571055537,-12.4867031577514
111,"Auto-ARIMA",12,87.9675018843455,66.4566670372373,-21.5108348471082
112,"Naive RW",1,82.9918185147372,82.889474166067,-0.102344348670172
112,"Naive RW",6,82.9918185147372,73.4069999694824,-9.58481854525476
112,"Naive RW",12,82.9918185147372,63.9704762413388,-19.0213422733984
112,"Naive RW (bias-c)",1,83.3839427463551,82.889474166067,-0.494468580288085
112,"Naive RW (bias-c)",6,85.3725305501712,73.4069999694824,-11.9655305806887
112,"Naive RW (bias-c)",12,87.8215359414696,63.9704762413388,-23.8510597001308
112,"RW + drift",1,83.3729264991302,82.889474166067,-0.483452333063155
112,"RW + drift",6,85.304879084189,73.4069999694824,-11.8978791147066
112,"RW + drift",12,87.682406842018,63.9704762413388,-23.7119306006791
112,"AR(1)",1,81.6413187900882,82.889474166067,1.24815537597881
112,"AR(1)",6,82.5206762126641,73.4069999694824,-9.11367624318169
112,"AR(1)",12,84.8158850476243,63.9704762413388,-20.8454088062855
112,"MA(1)",1,80.9210524779012,82.889474166067,1.96842168816579
112,"MA(1)",6,83.1366715473836,73.4069999694824,-9.72967157790119
112,"MA(1)",12,85.8106734214097,63.9704762413388,-21.8401971800708
112,"MA(2)",1,80.7362865029623,82.889474166067,2.15318766310469
112,"MA(2)",6,82.4826485036833,73.4069999694824,-9.07564853420091
112,"MA(2)",12,85.243904433248,63.9704762413388,-21.2734281919092
112,"ARMA(1,1)",1,80.8542847863122,82.889474166067,2.03518937975481
112,"ARMA(1,1)",6,82.8918875723988,73.4069999694824,-9.48488760291636
112,"ARMA(1,1)",12,85.6003540023446,63.9704762413388,-21.6298777610058
112,"Auto-ARIMA",1,77.9664098381145,82.889474166067,4.92306432795256
112,"Auto-ARIMA",6,81.1155153215742,73.4069999694824,-7.70851535209178
112,"Auto-ARIMA",12,81.3279906792678,63.9704762413388,-17.357514437929
113,"Naive RW",1,82.889474166067,83.7177273143422,0.82825314827511
113,"Naive RW",6,82.889474166067,73.1285716465541,-9.76090251951291
113,"Naive RW",12,82.889474166067,69.35,-13.5394741660671
113,"Naive RW (bias-c)",1,83.277641447517,83.7177273143422,0.440085866825171
113,"Naive RW (bias-c)",6,85.2459152250424,73.1285716465541,-12.1173435784882
113,"Naive RW (bias-c)",12,87.6693468702206,69.35,-18.3193468702206
113,"RW + drift",1,83.2658267833109,83.7177273143422,0.451900531031228
113,"RW + drift",6,85.1733775282611,73.1285716465541,-12.044805881707
113,"RW + drift",12,87.5202106486701,69.35,-18.1702106486701
113,"AR(1)",1,83.4447348763133,83.7177273143422,0.272992438028837
113,"AR(1)",6,85.3170334286147,73.1285716465541,-12.1884617820606
113,"AR(1)",12,87.6674446734821,69.35,-18.3174446734821
113,"MA(1)",1,84.6043173673336,83.7177273143422,-0.886590052991494
113,"MA(1)",6,87.064933694191,73.1285716465541,-13.9363620476369
113,"MA(1)",12,90.0454401104436,69.35,-20.6954401104436
113,"MA(2)",1,84.2372525077925,83.7177273143422,-0.519525193450335
113,"MA(2)",6,87.0023386373212,73.1285716465541,-13.8737669907671
113,"MA(2)",12,90.1205872439939,69.35,-20.7705872439939
113,"ARMA(1,1)",1,84.4799241536985,83.7177273143422,-0.762196839356349
113,"ARMA(1,1)",6,87.0425301698572,73.1285716465541,-13.9139585233031
113,"ARMA(1,1)",12,90.0762425312487,69.35,-20.7262425312487
113,"Auto-ARIMA",1,85.7107677692206,83.7177273143422,-1.99304045487843
113,"Auto-ARIMA",6,89.7362462355309,73.1285716465541,-16.6076745889768
113,"Auto-ARIMA",12,86.4117011688831,69.35,-17.0617011688831
114,"Naive RW",1,83.7177273143422,78.8750013871626,-4.84272592717952
114,"Naive RW",6,83.7177273143422,78.2633343651181,-5.45439294922404
114,"Naive RW",12,83.7177273143422,69.5530435313349,-14.1646837830072
114,"Naive RW (bias-c)",1,84.106362762312,78.8750013871626,-5.23136137514938
114,"Naive RW (bias-c)",6,86.0767700121201,78.2633343651181,-7.81343564700201
114,"Naive RW (bias-c)",12,88.502287071165,69.5530435313349,-18.9492435398301
114,"RW + drift",1,84.1018334637467,78.8750013871626,-5.22683207658403
114,"RW + drift",6,86.0489613022426,78.2633343651181,-7.78562693712445
114,"RW + drift",12,88.4451116714244,69.5530435313349,-18.8920681400894
114,"AR(1)",1,84.5967475746999,78.8750013871626,-5.72174618753726
114,"AR(1)",6,86.6801349578649,78.2633343651181,-8.41680059274682
114,"AR(1)",12,89.0942222507841,69.5530435313349,-19.5411787194492
114,"MA(1)",1,84.3137129936363,78.8750013871626,-5.43871160647369
114,"MA(1)",6,86.7307733910459,78.2633343651181,-8.4674390259278
114,"MA(1)",12,89.657004783843,69.5530435313349,-20.1039612525081
114,"MA(2)",1,84.6621099163107,78.8750013871626,-5.7871085291481
114,"MA(2)",6,87.226033002811,78.2633343651181,-8.9626986376929
114,"MA(2)",12,90.33785816908,69.5530435313349,-20.784814637745
114,"ARMA(1,1)",1,84.420981747516,78.8750013871626,-5.54598036035334
114,"ARMA(1,1)",6,86.8887392434642,78.2633343651181,-8.62540487834606
114,"ARMA(1,1)",12,89.8836109646675,69.5530435313349,-20.3305674333325
114,"Auto-ARIMA",1,83.7796295838827,78.8750013871626,-4.90462819672001
114,"Auto-ARIMA",6,85.3917647449048,78.2633343651181,-7.12843037978672
114,"Auto-ARIMA",12,83.4701678011748,69.5530435313349,-13.9171242698399
115,"Naive RW",1,78.8750013871626,72.6384994506836,-6.23650193647903
115,"Naive RW",6,78.8750013871626,74.9405260587993,-3.93447532836329
115,"Naive RW",12,78.8750013871626,67.2614284697033,-11.6135729174593
115,"Naive RW (bias-c)",1,79.2391878239119,72.6384994506836,-6.60068837322827
115,"Naive RW (bias-c)",6,81.0854989842133,74.9405260587993,-6.14497292541397
115,"Naive RW (bias-c)",12,83.3579464962007,67.2614284697033,-16.0965180264974
115,"RW + drift",1,79.1926908381379,72.6384994506836,-6.55419138745432
115,"RW + drift",6,80.8004351267983,74.9405260587993,-5.85990906799894
115,"RW + drift",12,82.7728710220031,67.2614284697033,-15.5114425522998
115,"AR(1)",1,77.8324485880106,72.6384994506836,-5.19394913732705
115,"AR(1)",6,78.6030926923257,74.9405260587993,-3.66256663352635
115,"AR(1)",12,80.5181750915014,67.2614284697033,-13.2567466217981
115,"MA(1)",1,77.6676956688751,72.6384994506836,-5.02919621819146
115,"MA(1)",6,79.5968857564417,74.9405260587993,-4.6563596976424
115,"MA(1)",12,81.9149081251252,67.2614284697033,-14.6534796554219
115,"MA(2)",1,77.3817272381265,72.6384994506836,-4.74322778744288
115,"MA(2)",6,79.0462979340633,74.9405260587993,-4.10577187526395
115,"MA(2)",12,81.4343726426165,67.2614284697033,-14.1729441729132
115,"ARMA(1,1)",1,77.5642287279322,72.6384994506836,-4.92572927724862
115,"ARMA(1,1)",6,79.3888229874194,74.9405260587993,-4.44829692862002
115,"ARMA(1,1)",12,81.7360029251431,67.2614284697033,-14.4745744554398
115,"Auto-ARIMA",1,76.2370439149153,72.6384994506836,-3.59854446423171
115,"Auto-ARIMA",6,78.6343771105287,74.9405260587993,-3.69385105172938
115,"Auto-ARIMA",12,78.6663557291229,67.2614284697033,-11.4049272594196
116,"Naive RW",1,72.6384994506836,75.3769571055537,2.73845765487009
116,"Naive RW",6,72.6384994506836,71.4671423775809,-1.17135707310267
116,"Naive RW",12,72.6384994506836,67.5485705421085,-5.08992890857513
116,"Naive RW (bias-c)",1,72.9731264472154,75.3769571055537,2.40383065833829
116,"Naive RW (bias-c)",6,74.6695270665645,71.4671423775809,-3.20238468898363
116,"Naive RW (bias-c)",12,76.7573437572152,67.5485705421085,-9.20877321510677
116,"RW + drift",1,72.8767758851423,75.3769571055537,2.50018122041139
116,"RW + drift",6,74.0799337535238,71.4671423775809,-2.6127913759429
116,"RW + drift",12,75.5499717977011,67.5485705421085,-8.00140125559267
116,"AR(1)",1,71.0789822736821,75.3769571055537,4.29797483187154
116,"AR(1)",6,71.2294915097221,71.4671423775809,0.23765086785879
116,"AR(1)",12,72.6381734712174,67.5485705421085,-5.08960292910899
116,"MA(1)",1,71.4559370123842,75.3769571055537,3.92102009316945
116,"MA(1)",6,72.9606265055159,71.4671423775809,-1.49348412793502
116,"MA(1)",12,74.7526424420393,67.5485705421085,-7.20407189993081
116,"MA(2)",1,71.0867588062177,75.3769571055537,4.29019829933598
116,"MA(2)",6,72.3633622920262,71.4671423775809,-0.896219914445282
116,"MA(2)",12,74.2268783782466,67.5485705421085,-6.67830783613813
116,"ARMA(1,1)",1,71.3116876275022,75.3769571055537,4.06526947805152
116,"ARMA(1,1)",6,72.7049784781704,71.4671423775809,-1.23783610058949
116,"ARMA(1,1)",12,74.5246474774175,67.5485705421085,-6.9760769353091
116,"Auto-ARIMA",1,72.1350192185673,75.3769571055537,3.24193788698636
116,"Auto-ARIMA",6,74.6118092397011,71.4671423775809,-3.14466686212018
116,"Auto-ARIMA",12,76.7338226892375,67.5485705421085,-9.18525214712903
117,"Naive RW",1,75.3769571055537,73.4069999694824,-1.96995713607123
117,"Naive RW",6,75.3769571055537,66.4566670372373,-8.9202900683164
117,"Naive RW",12,75.3769571055537,63.95391298377,-11.4230441217837
117,"Naive RW (bias-c)",1,75.7216679851603,73.4069999694824,-2.31466801567785
117,"Naive RW (bias-c)",6,77.4690133325745,66.4566670372373,-11.0123462953373
117,"Naive RW (bias-c)",12,79.6191337137491,63.95391298377,-15.6652207299791
117,"RW + drift",1,75.6460224485228,73.4069999694824,-2.23902247904033
117,"RW + drift",6,77.005824737635,66.4566670372373,-10.5491577003977
117,"RW + drift",12,78.6698915852953,63.95391298377,-14.7159786015253
117,"AR(1)",1,76.8066353669953,73.4069999694824,-3.39963539751282
117,"AR(1)",6,78.6698058697942,66.4566670372373,-12.213138832557
117,"AR(1)",12,80.3717674096499,63.95391298377,-16.4178544258799
117,"MA(1)",1,77.7453877184272,73.4069999694824,-4.3383877489448
117,"MA(1)",6,79.6483293759612,66.4566670372373,-13.1916623387239
117,"MA(1)",12,81.9334918774632,63.95391298377,-17.9795788936933
117,"MA(2)",1,77.7858329293248,73.4069999694824,-4.37883295984236
117,"MA(2)",6,80.1172463297037,66.4566670372373,-13.6605792924664
117,"MA(2)",12,82.5505053988007,63.95391298377,-18.5965924150308
117,"ARMA(1,1)",1,77.751736949384,73.4069999694824,-4.34473697990161
117,"ARMA(1,1)",6,79.8128532418502,66.4566670372373,-13.3561862046129
117,"ARMA(1,1)",12,82.1547519346612,63.95391298377,-18.2008389508912
117,"Auto-ARIMA",1,79.3219610440648,73.4069999694824,-5.91496107458232
117,"Auto-ARIMA",6,77.5746676536867,66.4566670372373,-11.1180006164494
117,"Auto-ARIMA",12,80.2547173786117,63.95391298377,-16.3008043948418
118,"Naive RW",1,73.4069999694824,73.1285716465541,-0.278428322928278
118,"Naive RW",6,73.4069999694824,63.9704762413388,-9.43652372814359
118,"Naive RW",12,73.4069999694824,63.6794736761796,-9.72752629330283
118,"Naive RW (bias-c)",1,73.7400696787116,73.1285716465541,-0.611498032157513
118,"Naive RW (bias-c)",6,75.4282243978266,63.9704762413388,-11.4577481564877
118,"Naive RW (bias-c)",12,77.5051022133332,63.6794736761796,-13.8256285371537
118,"RW + drift",1,73.6502778874526,73.1285716465541,-0.521706240898439
118,"RW + drift",6,74.8788147491488,63.9704762413388,-10.90833850781
118,"RW + drift",12,76.3801395039748,63.6794736761796,-12.7006658277952
118,"AR(1)",1,73.210893360933,73.1285716465541,-0.0823217143788497
118,"AR(1)",6,74.0993397483788,63.9704762413388,-10.1288635070399
118,"AR(1)",12,75.5834599532038,63.6794736761796,-11.9039862770242
118,"MA(1)",1,72.5018434285797,73.1285716465541,0.626728217974417
118,"MA(1)",6,74.0390622082949,63.9704762413388,-10.0685859669561
118,"MA(1)",12,75.8725229713636,63.6794736761796,-12.193049295184
118,"MA(2)",1,72.6502707915813,73.1285716465541,0.478300854972858
118,"MA(2)",6,74.0382852959225,63.9704762413388,-10.0678090545837
118,"MA(2)",12,75.9695895218845,63.6794736761796,-12.2901158457049
118,"ARMA(1,1)",1,72.5522966085141,73.1285716465541,0.576275038039995
118,"ARMA(1,1)",6,74.0328743111016,63.9704762413388,-10.0623980697628
118,"ARMA(1,1)",12,75.9054236759379,63.6794736761796,-12.2259499997583
118,"Auto-ARIMA",1,72.70065665866,73.1285716465541,0.427914987894098
118,"Auto-ARIMA",6,72.3187850388118,63.9704762413388,-8.34830879747295
118,"Auto-ARIMA",12,74.0332159098244,63.6794736761796,-10.3537422336448
119,"Naive RW",1,73.1285716465541,78.2633343651181,5.13476271856396
119,"Naive RW",6,73.1285716465541,69.35,-3.77857164655416
119,"Naive RW",12,73.1285716465541,61.6286359266801,-11.499935719874
119,"Naive RW (bias-c)",1,73.4575879476659,78.2633343651181,4.8057464174522
119,"Naive RW (bias-c)",6,75.1250075024877,69.35,-5.77500750248771
119,"Naive RW (bias-c)",12,77.1759467630019,61.6286359266801,-15.5473108363218
119,"RW + drift",1,73.3665439574698,78.2633343651181,4.89679040764833
119,"RW + drift",6,74.5680720470028,69.35,-5.21807204700285
119,"RW + drift",12,76.0359083133961,61.6286359266801,-14.4072723867159
119,"AR(1)",1,73.4828543398817,78.2633343651181,4.78048002523637
119,"AR(1)",6,74.6352554961675,69.35,-5.28525549616751
119,"AR(1)",12,76.1040377951493,61.6286359266801,-14.4754018684692
119,"MA(1)",1,74.0817569533467,78.2633343651181,4.18157741177143
119,"MA(1)",6,75.7057077078981,69.35,-6.35570770789811
119,"MA(1)",12,77.6466414730033,61.6286359266801,-16.0180055463232
119,"MA(2)",1,73.8233994271815,78.2633343651181,4.43993493793664
119,"MA(2)",6,75.5762688752785,69.35,-6.22626887527846
119,"MA(2)",12,77.6078307748875,61.6286359266801,-15.9791948482073
119,"ARMA(1,1)",1,73.9947350597381,78.2633343651181,4.26859930537998
119,"ARMA(1,1)",6,75.669074211012,69.35,-6.31907421101204
119,"ARMA(1,1)",12,77.6477686724986,61.6286359266801,-16.0191327458185
119,"Auto-ARIMA",1,72.8256171623472,78.2633343651181,5.43771720277091
119,"Auto-ARIMA",6,72.7855983961198,69.35,-3.43559839611981
119,"Auto-ARIMA",12,74.8741140239016,61.6286359266801,-13.2454780972214
120,"Naive RW",1,78.2633343651181,74.9405260587993,-3.32280830631876
120,"Naive RW",6,78.2633343651181,69.5530435313349,-8.71029083378318
120,"Naive RW",12,78.2633343651181,64.7654991149902,-13.4978352501279
120,"Naive RW (bias-c)",1,78.6140202589733,74.9405260587993,-3.67349420017401
120,"Naive RW (bias-c)",6,80.3911615621787,69.5530435313349,-10.8381180308437
120,"Naive RW (bias-c)",12,82.5768402246449,64.7654991149902,-17.8113411096547
120,"RW + drift",1,78.5603036058125,74.9405260587993,-3.61977754701321
120,"RW + drift",6,80.0621382599763,69.5530435313349,-10.5090947286414
120,"RW + drift",12,81.902285850173,64.7654991149902,-17.1367867351827
120,"AR(1)",1,80.569580744241,74.9405260587993,-5.62905468544163
120,"AR(1)",6,83.0251800019001,69.5530435313349,-13.4721364705652
120,"AR(1)",12,84.9371181299497,64.7654991149902,-20.1716190149595
120,"MA(1)",1,80.7668130961499,74.9405260587993,-5.82628703735058
120,"MA(1)",6,82.8211364840665,69.5530435313349,-13.2680929527316
120,"MA(1)",12,85.2947447735833,64.7654991149902,-20.5292456585931
120,"MA(2)",1,81.0867153690531,74.9405260587993,-6.14618931025373
120,"MA(2)",6,83.5491344219586,69.5530435313349,-13.9960908906236
120,"MA(2)",12,86.1782700163269,64.7654991149902,-21.4127709013367
120,"ARMA(1,1)",1,80.8890948352176,74.9405260587993,-5.94856877641824
120,"ARMA(1,1)",6,83.1102170494893,69.5530435313349,-13.5571735181544
120,"ARMA(1,1)",12,85.6467526291363,64.7654991149902,-20.881253514146
120,"Auto-ARIMA",1,80.7092415450199,74.9405260587993,-5.76871548622054
120,"Auto-ARIMA",6,78.8560242856303,69.5530435313349,-9.30298075429533
120,"Auto-ARIMA",12,80.0608513353883,64.7654991149902,-15.2953522203981
121,"Naive RW",1,74.9405260587994,71.4671423775809,-3.47338368121845
121,"Naive RW",6,74.9405260587994,67.2614284697033,-7.67909758909606
121,"Naive RW",12,74.9405260587994,69.406842683491,-5.53368337530841
121,"Naive RW (bias-c)",1,75.2741270831297,71.4671423775809,-3.80698470554881
121,"Naive RW (bias-c)",6,76.9645404542706,67.2614284697033,-9.70311198456726
121,"Naive RW (bias-c)",12,79.0432199887329,69.406842683491,-9.63637730524192
121,"RW + drift",1,75.1955663221061,71.4671423775809,-3.7284239445252
121,"RW + drift",6,76.4838462986327,67.2614284697033,-9.22241782892939
121,"RW + drift",12,78.0589495734665,69.406842683491,-8.6521068899756
121,"AR(1)",1,74.3364466908061,71.4671423775809,-2.86930431322519
121,"AR(1)",6,75.0782274321411,67.2614284697033,-7.81679896243782
121,"AR(1)",12,76.6221430048582,69.406842683491,-7.21530032136722
121,"MA(1)",1,73.5167116555777,71.4671423775809,-2.04956927799677
121,"MA(1)",6,75.0781138791052,67.2614284697033,-7.81668540940188
121,"MA(1)",12,76.9417790104161,69.406842683491,-7.53493632692513
121,"MA(2)",1,73.5105161561442,71.4671423775809,-2.04337377856331
121,"MA(2)",6,74.8765738188279,67.2614284697033,-7.61514534912459
121,"MA(2)",12,76.7952874179785,69.406842683491,-7.38844473448758
121,"ARMA(1,1)",1,73.515665773007,71.4671423775809,-2.0485233954261
121,"ARMA(1,1)",6,75.0007890911656,67.2614284697033,-7.73936062146234
121,"ARMA(1,1)",12,76.8879019200051,69.406842683491,-7.4810592365142
121,"Auto-ARIMA",1,71.7898941450701,71.4671423775809,-0.322751767489152
121,"Auto-ARIMA",6,73.142304473246,67.2614284697033,-5.88087600354267
121,"Auto-ARIMA",12,74.0542339014083,69.406842683491,-4.64739121791739
122,"Naive RW",1,71.4671423775809,66.4566670372373,-5.01047534034367
122,"Naive RW",6,71.4671423775809,67.5485705421085,-3.91857183547248
122,"Naive RW",12,71.4671423775809,96.3988893296983,24.9317469521174
122,"Naive RW (bias-c)",1,71.7833306085371,66.4566670372373,-5.3266635712998
122,"Naive RW (bias-c)",6,73.3853793744003,67.5485705421085,-5.83680883229187
122,"Naive RW (bias-c)",12,75.3551034330155,96.3988893296983,21.0437858966829
122,"RW + drift",1,71.6804763835702,66.4566670372373,-5.22380934633294
122,"RW + drift",6,72.7567367529094,67.5485705421085,-5.20816621080091
122,"RW + drift",12,74.0696013136343,96.3988893296983,22.3292880160641
122,"AR(1)",1,70.7694228566032,66.4566670372373,-4.31275581936596
122,"AR(1)",6,71.2789363680089,67.5485705421085,-3.73036582590045
122,"AR(1)",12,72.562775124187,96.3988893296983,23.8361142055114
122,"MA(1)",1,71.3495550822882,66.4566670372373,-4.89288804505094
122,"MA(1)",6,72.7671605523457,67.5485705421085,-5.21859001023725
122,"MA(1)",12,74.4533643937524,96.3988893296983,21.9455249359459
122,"MA(2)",1,71.0828924067213,66.4566670372373,-4.62622536948403
122,"MA(2)",6,72.4662095692242,67.5485705421085,-4.91763902711578
122,"MA(2)",12,74.1988653143355,96.3988893296983,22.2000240153628
122,"ARMA(1,1)",1,71.2485768085266,66.4566670372373,-4.79190977128937
122,"ARMA(1,1)",6,72.6470225998432,67.5485705421085,-5.09845205773476
122,"ARMA(1,1)",12,74.3529846898127,96.3988893296983,22.0459046398856
122,"Auto-ARIMA",1,70.1894061763485,66.4566670372373,-3.73273913911126
122,"Auto-ARIMA",6,73.7191701097826,67.5485705421085,-6.17059956767419
122,"Auto-ARIMA",12,74.2819284482643,96.3988893296983,22.116960881434
123,"Naive RW",1,66.4566670372373,63.9704762413388,-2.48619079589844
123,"Naive RW",6,66.4566670372373,63.95391298377,-2.50275405346731
123,"Naive RW (bias-c)",1,66.7497256541365,63.9704762413388,-2.77924941279763
123,"Naive RW (bias-c)",6,68.2345179095079,63.95391298377,-4.28060492573799
123,"RW + drift",1,66.6140515828888,63.9704762413388,-2.64357534154995
123,"RW + drift",6,67.4065828338996,63.95391298377,-3.45266985012965
123,"AR(1)",1,65.2247272839331,63.9704762413388,-1.25425104259426
123,"AR(1)",6,65.2208137106314,63.95391298377,-1.26690072686142
123,"MA(1)",1,65.2120325406484,63.9704762413388,-1.24155629930957
123,"MA(1)",6,66.256520230216,63.95391298377,-2.30260724644603
123,"MA(2)",1,65.1324082112452,63.9704762413388,-1.16193196990638
123,"MA(2)",6,66.0067983762686,63.95391298377,-2.05288539249865
123,"ARMA(1,1)",1,65.1683291825505,63.9704762413388,-1.19785294121166
123,"ARMA(1,1)",6,66.1316504091324,63.95391298377,-2.17773742536248
123,"Auto-ARIMA",1,66.7133877478493,63.9704762413388,-2.7429115065105
123,"Auto-ARIMA",6,68.8294940788464,63.95391298377,-4.87558109507646
124,"Naive RW",1,63.9704762413388,69.35,5.3795237586612
124,"Naive RW",6,63.9704762413388,63.6794736761796,-0.291002565159211
124,"Naive RW (bias-c)",1,64.2506680369259,69.35,5.09933196307412
124,"Naive RW (bias-c)",6,65.6701435495983,63.6794736761796,-1.99066987341875
124,"RW + drift",1,64.1010364440614,69.35,5.24896355593864
124,"RW + drift",6,64.7578453434444,63.6794736761796,-1.07837166726479
124,"AR(1)",1,63.4883561030998,69.35,5.86164389690015
124,"AR(1)",6,63.7394487727533,63.6794736761796,-0.0599750965737371
124,"MA(1)",1,64.0229894025437,69.35,5.32701059745628
124,"MA(1)",6,64.9938169873815,63.6794736761796,-1.31434331120197
124,"MA(2)",1,63.8167479112695,69.35,5.53325208873054
124,"MA(2)",6,64.7933325511677,63.6794736761796,-1.11385887498811
124,"ARMA(1,1)",1,63.938005410708,69.35,5.41199458929196
124,"ARMA(1,1)",6,64.9037825277392,63.6794736761796,-1.22430885155961
124,"Auto-ARIMA",1,63.6004857485942,69.35,5.7495142514058
124,"Auto-ARIMA",6,66.0899072834587,63.6794736761796,-2.41043360727916
125,"Naive RW",1,69.35,69.5530435313349,0.203043531334913
125,"Naive RW",6,69.35,61.6286359266801,-7.72136407331988
125,"Naive RW (bias-c)",1,69.6531353362434,69.5530435313349,-0.100091804908445
125,"Naive RW (bias-c)",6,71.1888037283306,61.6286359266801,-9.56016780165042
125,"RW + drift",1,69.5353082851932,69.5530435313349,0.0177352461417115
125,"RW + drift",6,70.4693035860715,61.6286359266801,-8.84066765939137
125,"AR(1)",1,71.6242694538968,69.5530435313349,-2.07122592256191
125,"AR(1)",6,73.543624433503,61.6286359266801,-11.9149885068228
125,"MA(1)",1,72.1801992749524,69.5530435313349,-2.62715574361748
125,"MA(1)",6,73.6162286813032,61.6286359266801,-11.9875927546231
125,"MA(2)",1,72.3848578838025,69.5530435313349,-2.83181435246753
125,"MA(2)",6,74.2122616067394,61.6286359266801,-12.5836256800592
125,"ARMA(1,1)",1,72.2601261704193,69.5530435313349,-2.70708263908435
125,"ARMA(1,1)",6,73.8556226913318,61.6286359266801,-12.2269867646517
125,"Auto-ARIMA",1,72.5705090007204,69.5530435313349,-3.01746546938548
125,"Auto-ARIMA",6,73.3005732609929,61.6286359266801,-11.6719373343128
126,"Naive RW",1,69.5530435313349,67.2614284697033,-2.29161506163165
126,"Naive RW",6,69.5530435313349,64.7654991149902,-4.78754441634472
126,"Naive RW (bias-c)",1,69.8546506553184,67.2614284697033,-2.59322218561508
126,"Naive RW (bias-c)",6,71.382418235114,64.7654991149902,-6.61691912012374
126,"RW + drift",1,69.7390355139037,67.2614284697033,-2.47760704420041
126,"RW + drift",6,70.6764825050607,64.7654991149902,-5.91098339007051
126,"AR(1)",1,70.0112337543372,67.2614284697033,-2.74980528463389
126,"AR(1)",6,70.9882937799847,64.7654991149902,-6.22279466499444
126,"MA(1)",1,69.1742412231457,67.2614284697033,-1.91281275344241
126,"MA(1)",6,70.4186319073255,64.7654991149902,-5.6531327923353
126,"MA(2)",1,69.3207273487157,67.2614284697033,-2.05929887901245
126,"MA(2)",6,70.5176748175819,64.7654991149902,-5.7521757025917
126,"ARMA(1,1)",1,69.2332590730251,67.2614284697033,-1.97183060332178
126,"ARMA(1,1)",6,70.4641423416716,64.7654991149902,-5.69864322668133
126,"Auto-ARIMA",1,68.8507051980483,67.2614284697033,-1.589276728345
126,"Auto-ARIMA",6,68.8516317214369,64.7654991149902,-4.08613260644668
127,"Naive RW",1,67.2614284697033,67.5485705421085,0.287142072405118
127,"Naive RW",6,67.2614284697033,69.406842683491,2.14541421378762
127,"Naive RW (bias-c)",1,67.5510952863301,67.5485705421085,-0.00252474422160276
127,"Naive RW (bias-c)",6,69.0182492699113,69.406842683491,0.388593413579642
127,"RW + drift",1,67.4220859460794,67.5485705421085,0.126484596029059
127,"RW + drift",6,68.2311477755278,69.406842683491,1.17569490796316
127,"AR(1)",1,66.8822769788966,67.5485705421085,0.666293563211852
127,"AR(1)",6,67.3252378873168,69.406842683491,2.08160479617416
127,"MA(1)",1,67.1031593012623,67.5485705421085,0.445411240846127
127,"MA(1)",6,68.2219287516734,69.406842683491,1.18491393181758
127,"MA(2)",1,66.926397893521,67.5485705421085,0.62217264858748
127,"MA(2)",6,68.0116646047655,69.406842683491,1.39517807872542
127,"ARMA(1,1)",1,67.0391718156591,67.5485705421085,0.50939872644939
127,"ARMA(1,1)",6,68.1439432585209,69.406842683491,1.26289942497003
127,"Auto-ARIMA",1,66.8063672839155,67.5485705421085,0.74220325819293
127,"Auto-ARIMA",6,67.4469480501056,69.406842683491,1.95989463338532
128,"Naive RW",1,67.5485705421085,63.95391298377,-3.59465755833853
128,"Naive RW",6,67.5485705421085,96.3988893296983,28.8503187875899
128,"Naive RW (bias-c)",1,67.8372012368116,63.95391298377,-3.8832882530416
128,"Naive RW (bias-c)",6,69.2989599506776,96.3988893296983,27.0999293790208
128,"RW + drift",1,67.7109053294724,63.95391298377,-3.75699234570249
128,"RW + drift",6,68.5284499702391,96.3988893296983,27.8704393594593
128,"AR(1)",1,68.0074384128949,63.95391298377,-4.05352542912497
128,"AR(1)",6,68.8807004097272,96.3988893296983,27.5181889199711
128,"MA(1)",1,68.298937506308,63.95391298377,-4.34502452253805
128,"MA(1)",6,69.4762748441516,96.3988893296983,26.9226144855468
128,"MA(2)",1,68.3261645461805,63.95391298377,-4.37225156241054
128,"MA(2)",6,69.5919440744912,96.3988893296983,26.8069452552071
128,"ARMA(1,1)",1,68.308113399886,63.95391298377,-4.354200416116
128,"ARMA(1,1)",6,69.5194420597594,96.3988893296983,26.8794472699389
128,"Auto-ARIMA",1,67.7406021465587,63.95391298377,-3.78668916278873
128,"Auto-ARIMA",6,68.8438097638877,96.3988893296983,27.5550795658107
129,"Naive RW",1,63.95391298377,63.6794736761796,-0.274439307590377
129,"Naive RW (bias-c)",1,64.2258054819803,63.6794736761796,-0.546331805800719
129,"RW + drift",1,64.0792466275148,63.6794736761796,-0.39977295133518
129,"AR(1)",1,63.134361784983,63.6794736761796,0.545111891196541
129,"MA(1)",1,62.8449362447757,63.6794736761796,0.834537431403909
129,"MA(2)",1,62.7966788234302,63.6794736761796,0.882794852749356
129,"ARMA(1,1)",1,62.8237738539135,63.6794736761796,0.855699822266054
129,"Auto-ARIMA",1,63.3459852556481,63.6794736761796,0.333488420531467
130,"Naive RW",1,63.6794736761796,61.6286359266801,-2.05083774949943
130,"Naive RW (bias-c)",1,63.9481170845124,61.6286359266801,-2.31948115783229
130,"RW + drift",1,63.8011979899026,61.6286359266801,-2.17256206322251
130,"AR(1)",1,63.9078937718351,61.6286359266801,-2.279257845155
130,"MA(1)",1,64.5119683726838,61.6286359266801,-2.88333244600371
130,"MA(2)",1,64.4119691273084,61.6286359266801,-2.78333320062823
130,"ARMA(1,1)",1,64.4734089006356,61.6286359266801,-2.84477297395544
130,"Auto-ARIMA",1,64.4661615234416,61.6286359266801,-2.83752559676144
131,"Naive RW",1,61.6286359266801,64.7654991149902,3.13686318831012
131,"Naive RW (bias-c)",1,61.8868918138916,64.7654991149902,2.87860730109863
131,"RW + drift",1,61.730112220342,64.7654991149902,3.03538689464823
131,"AR(1)",1,61.2624841653336,64.7654991149902,3.50301494965663
131,"MA(1)",1,61.014806724601,64.7654991149902,3.75069239038921
131,"MA(2)",1,61.0554264066045,64.7654991149902,3.71007270838569
131,"ARMA(1,1)",1,61.0275361965149,64.7654991149902,3.73796291847532
131,"Auto-ARIMA",1,60.0605482046939,64.7654991149902,4.70495091029632
132,"Naive RW",1,64.7654991149902,69.406842683491,4.64134356850072
132,"Naive RW (bias-c)",1,65.0354469288525,69.406842683491,4.37139575463848
132,"RW + drift",1,64.8957352374148,69.406842683491,4.51110744607615
132,"AR(1)",1,66.1547572258658,69.406842683491,3.25208545762516
132,"MA(1)",1,66.7829909874835,69.406842683491,2.62385169600749
132,"MA(2)",1,66.7572070260249,69.406842683491,2.64963565746609
132,"ARMA(1,1)",1,66.7771315185606,69.406842683491,2.62971116493037
132,"Auto-ARIMA",1,67.5829061265459,69.406842683491,1.82393655694509
133,"Naive RW",1,69.406842683491,96.3988893296983,26.9920466462074
133,"Naive RW (bias-c)",1,69.6952114812219,96.3988893296983,26.7036778484764
133,"RW + drift",1,69.5815620016167,96.3988893296983,26.8173273280816
133,"AR(1)",1,71.3805950021358,96.3988893296983,25.0182943275625
133,"MA(1)",1,71.032934860657,96.3988893296983,25.3659544690413
133,"MA(2)",1,71.3110036108313,96.3988893296983,25.087885718867
133,"ARMA(1,1)",1,71.1446894749983,96.3988893296983,25.2541998547
133,"Auto-ARIMA",1,70.5044475874591,96.3988893296983,25.8944417422392
